CREATE DATABASE  IF NOT EXISTS `ginobigionibd` /*!40100 DEFAULT CHARACTER SET utf8 */;
USE `ginobigionibd`;
-- MySQL dump 10.13  Distrib 5.7.17, for Win64 (x86_64)
--
-- Host: localhost    Database: ginobigionibd
-- ------------------------------------------------------
-- Server version	5.7.19-log

/*!40101 SET @OLD_CHARACTER_SET_CLIENT=@@CHARACTER_SET_CLIENT */;
/*!40101 SET @OLD_CHARACTER_SET_RESULTS=@@CHARACTER_SET_RESULTS */;
/*!40101 SET @OLD_COLLATION_CONNECTION=@@COLLATION_CONNECTION */;
/*!40101 SET NAMES utf8 */;
/*!40103 SET @OLD_TIME_ZONE=@@TIME_ZONE */;
/*!40103 SET TIME_ZONE='+00:00' */;
/*!40014 SET @OLD_UNIQUE_CHECKS=@@UNIQUE_CHECKS, UNIQUE_CHECKS=0 */;
/*!40014 SET @OLD_FOREIGN_KEY_CHECKS=@@FOREIGN_KEY_CHECKS, FOREIGN_KEY_CHECKS=0 */;
/*!40101 SET @OLD_SQL_MODE=@@SQL_MODE, SQL_MODE='NO_AUTO_VALUE_ON_ZERO' */;
/*!40111 SET @OLD_SQL_NOTES=@@SQL_NOTES, SQL_NOTES=0 */;

--
-- Table structure for table `bancos`
--

DROP TABLE IF EXISTS `bancos`;
/*!40101 SET @saved_cs_client     = @@character_set_client */;
/*!40101 SET character_set_client = utf8 */;
CREATE TABLE `bancos` (
  `IdBancos` int(11) NOT NULL,
  `Descripcion` varchar(80) DEFAULT NULL,
  `NroCuenta` varchar(45) DEFAULT NULL,
  `Estado` char(1) DEFAULT NULL,
  PRIMARY KEY (`IdBancos`)
) ENGINE=InnoDB DEFAULT CHARSET=utf8;
/*!40101 SET character_set_client = @saved_cs_client */;

--
-- Dumping data for table `bancos`
--

LOCK TABLES `bancos` WRITE;
/*!40000 ALTER TABLE `bancos` DISABLE KEYS */;
INSERT INTO `bancos` VALUES (1,'BCP','021-1234-4321','1'),(2,'BBVA','015-123-123-123','1'),(3,'BanBif','32165-58441','1'),(4,'Interbank','321-258-852-1','1'),(5,'ScotiaBank','096-014-025','1');
/*!40000 ALTER TABLE `bancos` ENABLE KEYS */;
UNLOCK TABLES;

--
-- Table structure for table `cliente`
--

DROP TABLE IF EXISTS `cliente`;
/*!40101 SET @saved_cs_client     = @@character_set_client */;
/*!40101 SET character_set_client = utf8 */;
CREATE TABLE `cliente` (
  `IdCliente` int(11) NOT NULL,
  `Nombres` varchar(100) DEFAULT NULL,
  `ApellidoPaterno` varchar(100) DEFAULT NULL,
  `ApellidoMaterno` varchar(100) DEFAULT NULL,
  `FechaNacimiento` date DEFAULT NULL,
  `Estado` char(1) DEFAULT NULL,
  `NroDocumentoIdentidad` varchar(15) DEFAULT NULL,
  `RUC` varchar(11) DEFAULT NULL,
  `Celular` varchar(11) DEFAULT NULL,
  `FechaCreacion` date DEFAULT NULL,
  `LineaCreditoActual` double DEFAULT '0',
  `SaldoLineaCredito` double DEFAULT '0',
  PRIMARY KEY (`IdCliente`)
) ENGINE=InnoDB DEFAULT CHARSET=utf8;
/*!40101 SET character_set_client = @saved_cs_client */;

--
-- Dumping data for table `cliente`
--

LOCK TABLES `cliente` WRITE;
/*!40000 ALTER TABLE `cliente` DISABLE KEYS */;
INSERT INTO `cliente` VALUES (1,'Julia ','Gallego','Perez',NULL,'1','45213658',NULL,'945365882',NULL,800,800),(2,'Maria','Calara','Ruiz',NULL,'1','63582147',NULL,'957842567',NULL,0,0),(3,'Carmen','Zarate','Melez',NULL,'1','05487521',NULL,NULL,NULL,600,600),(4,'Luisa','Suarez','Alima',NULL,'1','45219853',NULL,'958421054',NULL,700,700),(5,'Marizta','Portorcarrero','Chavez',NULL,'1','04658910',NULL,'975124857',NULL,0,0),(6,'Flor de Maria','Rosales','Espinoza',NULL,'1','45963281',NULL,'948855217',NULL,2000,1062.7),(7,'Carmen','Florencia','Otiliano',NULL,'1','04217453',NULL,'963025841',NULL,0,0);
/*!40000 ALTER TABLE `cliente` ENABLE KEYS */;
UNLOCK TABLES;

--
-- Table structure for table `colorproducto`
--

DROP TABLE IF EXISTS `colorproducto`;
/*!40101 SET @saved_cs_client     = @@character_set_client */;
/*!40101 SET character_set_client = utf8 */;
CREATE TABLE `colorproducto` (
  `IdColorProducto` int(11) NOT NULL,
  `Color` varchar(100) DEFAULT NULL,
  `IdEstado` char(1) DEFAULT NULL,
  PRIMARY KEY (`IdColorProducto`)
) ENGINE=InnoDB DEFAULT CHARSET=utf8;
/*!40101 SET character_set_client = @saved_cs_client */;

--
-- Dumping data for table `colorproducto`
--

LOCK TABLES `colorproducto` WRITE;
/*!40000 ALTER TABLE `colorproducto` DISABLE KEYS */;
INSERT INTO `colorproducto` VALUES (1,'Blanco','1'),(2,'Rosado','1'),(3,'Azul','1'),(4,'Negro','1'),(5,'Rojo','1'),(6,'Verde','1'),(7,'Marrón','1'),(8,'Coral','1'),(9,'Beige','1');
/*!40000 ALTER TABLE `colorproducto` ENABLE KEYS */;
UNLOCK TABLES;

--
-- Table structure for table `componente`
--

DROP TABLE IF EXISTS `componente`;
/*!40101 SET @saved_cs_client     = @@character_set_client */;
/*!40101 SET character_set_client = utf8 */;
CREATE TABLE `componente` (
  `IdComponente` int(11) NOT NULL,
  `DescComponente` varchar(100) DEFAULT NULL,
  `Estado` char(1) DEFAULT NULL,
  PRIMARY KEY (`IdComponente`)
) ENGINE=InnoDB DEFAULT CHARSET=utf8;
/*!40101 SET character_set_client = @saved_cs_client */;

--
-- Dumping data for table `componente`
--

LOCK TABLES `componente` WRITE;
/*!40000 ALTER TABLE `componente` DISABLE KEYS */;
INSERT INTO `componente` VALUES (1,'Capellada','1'),(2,'Forro','1'),(3,'Plantilla','1'),(4,'Suela','1'),(5,'Taco','1');
/*!40000 ALTER TABLE `componente` ENABLE KEYS */;
UNLOCK TABLES;

--
-- Table structure for table `costoubigeo`
--

DROP TABLE IF EXISTS `costoubigeo`;
/*!40101 SET @saved_cs_client     = @@character_set_client */;
/*!40101 SET character_set_client = utf8 */;
CREATE TABLE `costoubigeo` (
  `CodUbigeoCosto` char(9) NOT NULL,
  `Distrito` varchar(100) DEFAULT NULL,
  `Provincia` varchar(100) DEFAULT NULL,
  `Departamento` varchar(100) DEFAULT NULL,
  `CostoEnvio` decimal(15,2) DEFAULT NULL,
  `Estado` char(1) DEFAULT NULL,
  PRIMARY KEY (`CodUbigeoCosto`)
) ENGINE=InnoDB DEFAULT CHARSET=utf8;
/*!40101 SET character_set_client = @saved_cs_client */;

--
-- Dumping data for table `costoubigeo`
--

LOCK TABLES `costoubigeo` WRITE;
/*!40000 ALTER TABLE `costoubigeo` DISABLE KEYS */;
INSERT INTO `costoubigeo` VALUES ('000000','NO UBIGEO','NO UBIGEO','NO UBIGEO',0.00,'1'),('010101','CHACHAPOYAS','CHACHAPOYAS','AMAZONAS',20.00,'1'),('010102','ASUNCION','CHACHAPOYAS','AMAZONAS',20.00,'1'),('010103','BALSAS','CHACHAPOYAS','AMAZONAS',20.00,'1'),('010104','CHETO','CHACHAPOYAS','AMAZONAS',20.00,'1'),('010105','CHILIQUIN','CHACHAPOYAS','AMAZONAS',20.00,'1'),('010106','CHUQUIBAMBA','CHACHAPOYAS','AMAZONAS',20.00,'1'),('010107','GRANADA','CHACHAPOYAS','AMAZONAS',20.00,'1'),('010108','HUANCAS','CHACHAPOYAS','AMAZONAS',20.00,'1'),('010109','LA JALCA','CHACHAPOYAS','AMAZONAS',20.00,'1'),('010110','LEIMEBAMBA','CHACHAPOYAS','AMAZONAS',20.00,'1'),('010111','LEVANTO','CHACHAPOYAS','AMAZONAS',20.00,'1'),('010112','MAGDALENA','CHACHAPOYAS','AMAZONAS',20.00,'1'),('010113','MARISCAL CASTILLA','CHACHAPOYAS','AMAZONAS',20.00,'1'),('010114','MOLINOPAMPA','CHACHAPOYAS','AMAZONAS',20.00,'1'),('010115','MONTEVIDEO','CHACHAPOYAS','AMAZONAS',20.00,'1'),('010116','OLLEROS','CHACHAPOYAS','AMAZONAS',20.00,'1'),('010117','QUINJALCA','CHACHAPOYAS','AMAZONAS',20.00,'1'),('010118','SAN FRANCISCO DE DAGUAS','CHACHAPOYAS','AMAZONAS',20.00,'1'),('010119','SAN ISIDRO DE MAINO','CHACHAPOYAS','AMAZONAS',20.00,'1'),('010120','SOLOCO','CHACHAPOYAS','AMAZONAS',20.00,'1'),('010121','SONCHE','CHACHAPOYAS','AMAZONAS',20.00,'1'),('010201','BAGUA','BAGUA','AMAZONAS',20.00,'1'),('010202','ARAMANGO','BAGUA','AMAZONAS',20.00,'1'),('010203','COPALLIN','BAGUA','AMAZONAS',20.00,'1'),('010204','EL PARCO','BAGUA','AMAZONAS',20.00,'1'),('010205','IMAZA','BAGUA','AMAZONAS',20.00,'1'),('010206','LA PECA','BAGUA','AMAZONAS',20.00,'1'),('010301','JUMBILLA','BONGARA','AMAZONAS',20.00,'1'),('010302','CHISQUILLA','BONGARA','AMAZONAS',20.00,'1'),('010303','CHURUJA','BONGARA','AMAZONAS',20.00,'1'),('010304','COROSHA','BONGARA','AMAZONAS',20.00,'1'),('010305','CUISPES','BONGARA','AMAZONAS',20.00,'1'),('010306','FLORIDA','BONGARA','AMAZONAS',20.00,'1'),('010307','JAZAN','BONGARA','AMAZONAS',20.00,'1'),('010308','RECTA','BONGARA','AMAZONAS',20.00,'1'),('010309','SAN CARLOS','BONGARA','AMAZONAS',20.00,'1'),('010310','SHIPASBAMBA','BONGARA','AMAZONAS',20.00,'1'),('010311','VALERA','BONGARA','AMAZONAS',20.00,'1'),('010312','YAMBRASBAMBA','BONGARA','AMAZONAS',20.00,'1'),('010401','NIEVA','CONDORCANQUI','AMAZONAS',20.00,'1'),('010402','EL CENEPA','CONDORCANQUI','AMAZONAS',20.00,'1'),('010403','RIO SANTIAGO','CONDORCANQUI','AMAZONAS',20.00,'1'),('010501','LAMUD','LUYA','AMAZONAS',20.00,'1'),('010502','CAMPORREDONDO','LUYA','AMAZONAS',20.00,'1'),('010503','COCABAMBA','LUYA','AMAZONAS',20.00,'1'),('010504','COLCAMAR','LUYA','AMAZONAS',20.00,'1'),('010505','CONILA','LUYA','AMAZONAS',20.00,'1'),('010506','INGUILPATA','LUYA','AMAZONAS',20.00,'1'),('010507','LONGUITA','LUYA','AMAZONAS',20.00,'1'),('010508','LONYA CHICO','LUYA','AMAZONAS',20.00,'1'),('010509','LUYA','LUYA','AMAZONAS',20.00,'1'),('010510','LUYA VIEJO','LUYA','AMAZONAS',20.00,'1'),('010511','MARIA','LUYA','AMAZONAS',20.00,'1'),('010512','OCALLI','LUYA','AMAZONAS',20.00,'1'),('010513','OCUMAL','LUYA','AMAZONAS',20.00,'1'),('010514','PISUQUIA','LUYA','AMAZONAS',20.00,'1'),('010515','PROVIDENCIA','LUYA','AMAZONAS',20.00,'1'),('010516','SAN CRISTOBAL','LUYA','AMAZONAS',20.00,'1'),('010517','SAN FRANCISCO DEL YESO','LUYA','AMAZONAS',20.00,'1'),('010518','SAN JERONIMO','LUYA','AMAZONAS',20.00,'1'),('010519','SAN JUAN DE LOPECANCHA','LUYA','AMAZONAS',20.00,'1'),('010520','SANTA CATALINA','LUYA','AMAZONAS',20.00,'1'),('010521','SANTO TOMAS','LUYA','AMAZONAS',20.00,'1'),('010522','TINGO','LUYA','AMAZONAS',20.00,'1'),('010523','TRITA','LUYA','AMAZONAS',20.00,'1'),('010601','SAN NICOLAS','RODRIGUEZ DE MENDOZA','AMAZONAS',20.00,'1'),('010602','CHIRIMOTO','RODRIGUEZ DE MENDOZA','AMAZONAS',20.00,'1'),('010603','COCHAMAL','RODRIGUEZ DE MENDOZA','AMAZONAS',20.00,'1'),('010604','HUAMBO','RODRIGUEZ DE MENDOZA','AMAZONAS',20.00,'1'),('010605','LIMABAMBA','RODRIGUEZ DE MENDOZA','AMAZONAS',20.00,'1'),('010606','LONGAR','RODRIGUEZ DE MENDOZA','AMAZONAS',20.00,'1'),('010607','MARISCAL BENAVIDES','RODRIGUEZ DE MENDOZA','AMAZONAS',20.00,'1'),('010608','MILPUC','RODRIGUEZ DE MENDOZA','AMAZONAS',20.00,'1'),('010609','OMIA','RODRIGUEZ DE MENDOZA','AMAZONAS',20.00,'1'),('010610','SANTA ROSA','RODRIGUEZ DE MENDOZA','AMAZONAS',20.00,'1'),('010611','TOTORA','RODRIGUEZ DE MENDOZA','AMAZONAS',20.00,'1'),('010612','VISTA ALEGRE','RODRIGUEZ DE MENDOZA','AMAZONAS',20.00,'1'),('010701','BAGUA GRANDE','UTCUBAMBA','AMAZONAS',20.00,'1'),('010702','CAJARURO','UTCUBAMBA','AMAZONAS',20.00,'1'),('010703','CUMBA','UTCUBAMBA','AMAZONAS',20.00,'1'),('010704','EL MILAGRO','UTCUBAMBA','AMAZONAS',20.00,'1'),('010705','JAMALCA','UTCUBAMBA','AMAZONAS',20.00,'1'),('010706','LONYA GRANDE','UTCUBAMBA','AMAZONAS',20.00,'1'),('010707','YAMON','UTCUBAMBA','AMAZONAS',20.00,'1'),('020101','HUARAZ','HUARAZ','ANCASH',24.00,'1'),('020102','COCHABAMBA','HUARAZ','ANCASH',24.00,'1'),('020103','COLCABAMBA','HUARAZ','ANCASH',24.00,'1'),('020104','HUANCHAY','HUARAZ','ANCASH',24.00,'1'),('020105','INDEPENDENCIA','HUARAZ','ANCASH',24.00,'1'),('020106','JANGAS','HUARAZ','ANCASH',24.00,'1'),('020107','LA LIBERTAD','HUARAZ','ANCASH',24.00,'1'),('020108','OLLEROS','HUARAZ','ANCASH',24.00,'1'),('020109','PAMPAS','HUARAZ','ANCASH',24.00,'1'),('020110','PARIACOTO','HUARAZ','ANCASH',24.00,'1'),('020111','PIRA','HUARAZ','ANCASH',24.00,'1'),('020112','TARICA','HUARAZ','ANCASH',24.00,'1'),('020201','AIJA','AIJA','ANCASH',24.00,'1'),('020202','CORIS','AIJA','ANCASH',24.00,'1'),('020203','HUACLLAN','AIJA','ANCASH',24.00,'1'),('020204','LA MERCED','AIJA','ANCASH',24.00,'1'),('020205','SUCCHA','AIJA','ANCASH',24.00,'1'),('020301','LLAMELLIN','ANTONIO RAYMONDI','ANCASH',24.00,'1'),('020302','ACZO','ANTONIO RAYMONDI','ANCASH',24.00,'1'),('020303','CHACCHO','ANTONIO RAYMONDI','ANCASH',24.00,'1'),('020304','CHINGAS','ANTONIO RAYMONDI','ANCASH',24.00,'1'),('020305','MIRGAS','ANTONIO RAYMONDI','ANCASH',24.00,'1'),('020306','SAN JUAN DE RONTOY','ANTONIO RAYMONDI','ANCASH',24.00,'1'),('020401','CHACAS','ASUNCION','ANCASH',24.00,'1'),('020402','ACOCHACA','ASUNCION','ANCASH',24.00,'1'),('020501','CHIQUIAN','BOLOGNESI','ANCASH',24.00,'1'),('020502','ABELARDO PARDO LEZAMETA','BOLOGNESI','ANCASH',24.00,'1'),('020503','ANTONIO RAYMONDI','BOLOGNESI','ANCASH',24.00,'1'),('020504','AQUIA','BOLOGNESI','ANCASH',24.00,'1'),('020505','CAJACAY','BOLOGNESI','ANCASH',24.00,'1'),('020506','CANIS','BOLOGNESI','ANCASH',24.00,'1'),('020507','COLQUIOC','BOLOGNESI','ANCASH',24.00,'1'),('020508','HUALLANCA','BOLOGNESI','ANCASH',24.00,'1'),('020509','HUASTA','BOLOGNESI','ANCASH',24.00,'1'),('020510','HUAYLLACAYAN','BOLOGNESI','ANCASH',24.00,'1'),('020511','LA PRIMAVERA','BOLOGNESI','ANCASH',24.00,'1'),('020512','MANGAS','BOLOGNESI','ANCASH',24.00,'1'),('020513','PACLLON','BOLOGNESI','ANCASH',24.00,'1'),('020514','SAN MIGUEL DE CORPANQUI','BOLOGNESI','ANCASH',24.00,'1'),('020515','TICLLOS','BOLOGNESI','ANCASH',24.00,'1'),('020601','CARHUAZ','CARHUAZ','ANCASH',24.00,'1'),('020602','ACOPAMPA','CARHUAZ','ANCASH',24.00,'1'),('020603','AMASHCA','CARHUAZ','ANCASH',24.00,'1'),('020604','ANTA','CARHUAZ','ANCASH',24.00,'1'),('020605','ATAQUERO','CARHUAZ','ANCASH',24.00,'1'),('020606','MARCARA','CARHUAZ','ANCASH',24.00,'1'),('020607','PARIAHUANCA','CARHUAZ','ANCASH',24.00,'1'),('020608','SAN MIGUEL DE ACO','CARHUAZ','ANCASH',24.00,'1'),('020609','SHILLA','CARHUAZ','ANCASH',24.00,'1'),('020610','TINCO','CARHUAZ','ANCASH',24.00,'1'),('020611','YUNGAR','CARHUAZ','ANCASH',24.00,'1'),('020701','SAN LUIS','CARLOS FERMIN FITZCA','ANCASH',24.00,'1'),('020702','SAN NICOLAS','CARLOS FERMIN FITZCA','ANCASH',24.00,'1'),('020703','YAUYA','CARLOS FERMIN FITZCA','ANCASH',24.00,'1'),('020801','CASMA','CASMA','ANCASH',24.00,'1'),('020802','BUENA VISTA ALTA','CASMA','ANCASH',24.00,'1'),('020803','COMANDANTE NOEL','CASMA','ANCASH',24.00,'1'),('020804','YAUTAN','CASMA','ANCASH',24.00,'1'),('020901','CORONGO','CORONGO','ANCASH',24.00,'1'),('020902','ACO','CORONGO','ANCASH',24.00,'1'),('020903','BAMBAS','CORONGO','ANCASH',24.00,'1'),('020904','CUSCA','CORONGO','ANCASH',24.00,'1'),('020905','LA PAMPA','CORONGO','ANCASH',24.00,'1'),('020906','YANAC','CORONGO','ANCASH',24.00,'1'),('020907','YUPAN','CORONGO','ANCASH',24.00,'1'),('021001','HUARI','HUARI','ANCASH',24.00,'1'),('021002','ANRA','HUARI','ANCASH',24.00,'1'),('021003','CAJAY','HUARI','ANCASH',24.00,'1'),('021004','CHAVIN DE HUANTAR','HUARI','ANCASH',24.00,'1'),('021005','HUACACHI','HUARI','ANCASH',24.00,'1'),('021006','HUACCHIS','HUARI','ANCASH',24.00,'1'),('021007','HUACHIS','HUARI','ANCASH',24.00,'1'),('021008','HUANTAR','HUARI','ANCASH',24.00,'1'),('021009','MASIN','HUARI','ANCASH',24.00,'1'),('021010','PAUCAS','HUARI','ANCASH',24.00,'1'),('021011','PONTO','HUARI','ANCASH',24.00,'1'),('021012','RAHUAPAMPA','HUARI','ANCASH',24.00,'1'),('021013','RAPAYAN','HUARI','ANCASH',24.00,'1'),('021014','SAN MARCOS','HUARI','ANCASH',24.00,'1'),('021015','SAN PEDRO DE CHANA','HUARI','ANCASH',24.00,'1'),('021016','UCO','HUARI','ANCASH',24.00,'1'),('021101','HUARMEY','HUARMEY','ANCASH',24.00,'1'),('021102','COCHAPETI','HUARMEY','ANCASH',24.00,'1'),('021103','CULEBRAS','HUARMEY','ANCASH',24.00,'1'),('021104','HUAYAN','HUARMEY','ANCASH',24.00,'1'),('021105','MALVAS','HUARMEY','ANCASH',24.00,'1'),('021201','CARAZ','HUAYLAS','ANCASH',24.00,'1'),('021202','HUALLANCA','HUAYLAS','ANCASH',24.00,'1'),('021203','HUATA','HUAYLAS','ANCASH',24.00,'1'),('021204','HUAYLAS','HUAYLAS','ANCASH',24.00,'1'),('021205','MATO','HUAYLAS','ANCASH',24.00,'1'),('021206','PAMPAROMAS','HUAYLAS','ANCASH',24.00,'1'),('021207','PUEBLO LIBRE','HUAYLAS','ANCASH',24.00,'1'),('021208','SANTA CRUZ','HUAYLAS','ANCASH',24.00,'1'),('021209','SANTO TORIBIO','HUAYLAS','ANCASH',24.00,'1'),('021210','YURACMARCA','HUAYLAS','ANCASH',24.00,'1'),('021301','PISCOBAMBA','MARISCAL LUZURIAGA','ANCASH',24.00,'1'),('021302','CASCA','MARISCAL LUZURIAGA','ANCASH',24.00,'1'),('021303','ELEAZAR GUZMAN BARRON','MARISCAL LUZURIAGA','ANCASH',24.00,'1'),('021304','FIDEL OLIVAS ESCUDERO','MARISCAL LUZURIAGA','ANCASH',24.00,'1'),('021305','LLAMA','MARISCAL LUZURIAGA','ANCASH',24.00,'1'),('021306','LLUMPA','MARISCAL LUZURIAGA','ANCASH',24.00,'1'),('021307','LUCMA','MARISCAL LUZURIAGA','ANCASH',24.00,'1'),('021308','MUSGA','MARISCAL LUZURIAGA','ANCASH',24.00,'1'),('021401','OCROS','OCROS','ANCASH',24.00,'1'),('021402','ACAS','OCROS','ANCASH',24.00,'1'),('021403','CAJAMARQUILLA','OCROS','ANCASH',24.00,'1'),('021404','CARHUAPAMPA','OCROS','ANCASH',24.00,'1'),('021405','COCHAS','OCROS','ANCASH',24.00,'1'),('021406','CONGAS','OCROS','ANCASH',24.00,'1'),('021407','LLIPA','OCROS','ANCASH',24.00,'1'),('021408','SAN CRISTOBAL DE RAJAN','OCROS','ANCASH',24.00,'1'),('021409','SAN PEDRO','OCROS','ANCASH',24.00,'1'),('021410','SANTIAGO DE CHILCAS','OCROS','ANCASH',24.00,'1'),('021501','CABANA','PALLASCA','ANCASH',24.00,'1'),('021502','BOLOGNESI','PALLASCA','ANCASH',24.00,'1'),('021503','CONCHUCOS','PALLASCA','ANCASH',24.00,'1'),('021504','HUACASCHUQUE','PALLASCA','ANCASH',24.00,'1'),('021505','HUANDOVAL','PALLASCA','ANCASH',24.00,'1'),('021506','LACABAMBA','PALLASCA','ANCASH',24.00,'1'),('021507','LLAPO','PALLASCA','ANCASH',24.00,'1'),('021508','PALLASCA','PALLASCA','ANCASH',24.00,'1'),('021509','PAMPAS','PALLASCA','ANCASH',24.00,'1'),('021510','SANTA ROSA','PALLASCA','ANCASH',24.00,'1'),('021511','TAUCA','PALLASCA','ANCASH',24.00,'1'),('021601','POMABAMBA','POMABAMBA','ANCASH',24.00,'1'),('021602','HUAYLLAN','POMABAMBA','ANCASH',24.00,'1'),('021603','PAROBAMBA','POMABAMBA','ANCASH',24.00,'1'),('021604','QUINUABAMBA','POMABAMBA','ANCASH',24.00,'1'),('021701','RECUAY','RECUAY','ANCASH',24.00,'1'),('021702','CATAC','RECUAY','ANCASH',24.00,'1'),('021703','COTAPARACO','RECUAY','ANCASH',24.00,'1'),('021704','HUAYLLAPAMPA','RECUAY','ANCASH',24.00,'1'),('021705','LLACLLIN','RECUAY','ANCASH',24.00,'1'),('021706','MARCA','RECUAY','ANCASH',24.00,'1'),('021707','PAMPAS CHICO','RECUAY','ANCASH',24.00,'1'),('021708','PARARIN','RECUAY','ANCASH',24.00,'1'),('021709','TAPACOCHA','RECUAY','ANCASH',24.00,'1'),('021710','TICAPAMPA','RECUAY','ANCASH',24.00,'1'),('021801','CHIMBOTE','SANTA','ANCASH',24.00,'1'),('021802','CACERES DEL PERU','SANTA','ANCASH',24.00,'1'),('021803','COISHCO','SANTA','ANCASH',24.00,'1'),('021804','MACATE','SANTA','ANCASH',24.00,'1'),('021805','MORO','SANTA','ANCASH',24.00,'1'),('021806','NEPEÑA','SANTA','ANCASH',24.00,'1'),('021807','SAMANCO','SANTA','ANCASH',24.00,'1'),('021808','SANTA','SANTA','ANCASH',24.00,'1'),('021809','NUEVO CHIMBOTE','SANTA','ANCASH',24.00,'1'),('021901','SIHUAS','SIHUAS','ANCASH',24.00,'1'),('021902','ACOBAMBA','SIHUAS','ANCASH',24.00,'1'),('021903','ALFONSO UGARTE','SIHUAS','ANCASH',24.00,'1'),('021904','CASHAPAMPA','SIHUAS','ANCASH',24.00,'1'),('021905','CHINGALPO','SIHUAS','ANCASH',24.00,'1'),('021906','HUAYLLABAMBA','SIHUAS','ANCASH',24.00,'1'),('021907','QUICHES','SIHUAS','ANCASH',24.00,'1'),('021908','RAGASH','SIHUAS','ANCASH',24.00,'1'),('021909','SAN JUAN','SIHUAS','ANCASH',24.00,'1'),('021910','SICSIBAMBA','SIHUAS','ANCASH',24.00,'1'),('022001','YUNGAY','YUNGAY','ANCASH',24.00,'1'),('022002','CASCAPARA','YUNGAY','ANCASH',24.00,'1'),('022003','MANCOS','YUNGAY','ANCASH',24.00,'1'),('022004','MATACOTO','YUNGAY','ANCASH',24.00,'1'),('022005','QUILLO','YUNGAY','ANCASH',24.00,'1'),('022006','RANRAHIRCA','YUNGAY','ANCASH',24.00,'1'),('022007','SHUPLUY','YUNGAY','ANCASH',24.00,'1'),('022008','YANAMA','YUNGAY','ANCASH',24.00,'1'),('030101','ABANCAY','ABANCAY','APURIMAC',18.00,'1'),('030102','CHACOCHE','ABANCAY','APURIMAC',18.00,'1'),('030103','CIRCA','ABANCAY','APURIMAC',18.00,'1'),('030104','CURAHUASI','ABANCAY','APURIMAC',18.00,'1'),('030105','HUANIPACA','ABANCAY','APURIMAC',18.00,'1'),('030106','LAMBRAMA','ABANCAY','APURIMAC',18.00,'1'),('030107','PICHIRHUA','ABANCAY','APURIMAC',18.00,'1'),('030108','SAN PEDRO DE CACHORA','ABANCAY','APURIMAC',18.00,'1'),('030109','TAMBURCO','ABANCAY','APURIMAC',18.00,'1'),('030201','ANDAHUAYLAS','ANDAHUAYLAS','APURIMAC',18.00,'1'),('030202','ANDARAPA','ANDAHUAYLAS','APURIMAC',18.00,'1'),('030203','CHIARA','ANDAHUAYLAS','APURIMAC',18.00,'1'),('030204','HUANCARAMA','ANDAHUAYLAS','APURIMAC',18.00,'1'),('030205','HUANCARAY','ANDAHUAYLAS','APURIMAC',18.00,'1'),('030206','HUAYANA','ANDAHUAYLAS','APURIMAC',18.00,'1'),('030207','KISHUARA','ANDAHUAYLAS','APURIMAC',18.00,'1'),('030208','PACOBAMBA','ANDAHUAYLAS','APURIMAC',18.00,'1'),('030209','PACUCHA','ANDAHUAYLAS','APURIMAC',18.00,'1'),('030210','PAMPACHIRI','ANDAHUAYLAS','APURIMAC',18.00,'1'),('030211','POMACOCHA','ANDAHUAYLAS','APURIMAC',18.00,'1'),('030212','SAN ANTONIO DE CACHI','ANDAHUAYLAS','APURIMAC',18.00,'1'),('030213','SAN JERONIMO','ANDAHUAYLAS','APURIMAC',18.00,'1'),('030214','SAN MIGUEL DE CHACCRAMPA','ANDAHUAYLAS','APURIMAC',18.00,'1'),('030215','SANTA MARIA DE CHICMO','ANDAHUAYLAS','APURIMAC',18.00,'1'),('030216','TALAVERA','ANDAHUAYLAS','APURIMAC',18.00,'1'),('030217','TUMAY HUARACA','ANDAHUAYLAS','APURIMAC',18.00,'1'),('030218','TURPO','ANDAHUAYLAS','APURIMAC',18.00,'1'),('030219','KAQUIABAMBA','ANDAHUAYLAS','APURIMAC',18.00,'1'),('030301','ANTABAMBA','ANTABAMBA','APURIMAC',18.00,'1'),('030302','EL ORO','ANTABAMBA','APURIMAC',18.00,'1'),('030303','HUAQUIRCA','ANTABAMBA','APURIMAC',18.00,'1'),('030304','JUAN ESPINOZA MEDRANO','ANTABAMBA','APURIMAC',18.00,'1'),('030305','OROPESA','ANTABAMBA','APURIMAC',18.00,'1'),('030306','PACHACONAS','ANTABAMBA','APURIMAC',18.00,'1'),('030307','SABAINO','ANTABAMBA','APURIMAC',18.00,'1'),('030401','CHALHUANCA','AYMARAES','APURIMAC',18.00,'1'),('030402','CAPAYA','AYMARAES','APURIMAC',18.00,'1'),('030403','CARAYBAMBA','AYMARAES','APURIMAC',18.00,'1'),('030404','CHAPIMARCA','AYMARAES','APURIMAC',18.00,'1'),('030405','COLCABAMBA','AYMARAES','APURIMAC',18.00,'1'),('030406','COTARUSE','AYMARAES','APURIMAC',18.00,'1'),('030407','HUAYLLO','AYMARAES','APURIMAC',18.00,'1'),('030408','JUSTO APU SAHUARAURA','AYMARAES','APURIMAC',18.00,'1'),('030409','LUCRE','AYMARAES','APURIMAC',18.00,'1'),('030410','POCOHUANCA','AYMARAES','APURIMAC',18.00,'1'),('030411','SAN JUAN DE CHACÑA','AYMARAES','APURIMAC',18.00,'1'),('030412','SAÑAYCA','AYMARAES','APURIMAC',18.00,'1'),('030413','SORAYA','AYMARAES','APURIMAC',18.00,'1'),('030414','TAPAIRIHUA','AYMARAES','APURIMAC',18.00,'1'),('030415','TINTAY','AYMARAES','APURIMAC',18.00,'1'),('030416','TORAYA','AYMARAES','APURIMAC',18.00,'1'),('030417','YANACA','AYMARAES','APURIMAC',18.00,'1'),('030501','TAMBOBAMBA','COTABAMBAS','APURIMAC',18.00,'1'),('030502','COTABAMBAS','COTABAMBAS','APURIMAC',18.00,'1'),('030503','COYLLURQUI','COTABAMBAS','APURIMAC',18.00,'1'),('030504','HAQUIRA','COTABAMBAS','APURIMAC',18.00,'1'),('030505','MARA','COTABAMBAS','APURIMAC',18.00,'1'),('030506','CHALLHUAHUACHO','COTABAMBAS','APURIMAC',18.00,'1'),('030601','CHINCHEROS','CHINCHEROS','APURIMAC',18.00,'1'),('030602','ANCO_HUALLO','CHINCHEROS','APURIMAC',18.00,'1'),('030603','COCHARCAS','CHINCHEROS','APURIMAC',18.00,'1'),('030604','HUACCANA','CHINCHEROS','APURIMAC',18.00,'1'),('030605','OCOBAMBA','CHINCHEROS','APURIMAC',18.00,'1'),('030606','ONGOY','CHINCHEROS','APURIMAC',18.00,'1'),('030607','URANMARCA','CHINCHEROS','APURIMAC',18.00,'1'),('030608','RANRACANCHA','CHINCHEROS','APURIMAC',18.00,'1'),('030701','CHUQUIBAMBILLA','GRAU','APURIMAC',18.00,'1'),('030702','CURPAHUASI','GRAU','APURIMAC',18.00,'1'),('030703','GAMARRA','GRAU','APURIMAC',18.00,'1'),('030704','HUAYLLATI','GRAU','APURIMAC',18.00,'1'),('030705','MAMARA','GRAU','APURIMAC',18.00,'1'),('030706','MICAELA BASTIDAS','GRAU','APURIMAC',18.00,'1'),('030707','PATAYPAMPA','GRAU','APURIMAC',18.00,'1'),('030708','PROGRESO','GRAU','APURIMAC',18.00,'1'),('030709','SAN ANTONIO','GRAU','APURIMAC',18.00,'1'),('030710','SANTA ROSA','GRAU','APURIMAC',18.00,'1'),('030711','TURPAY','GRAU','APURIMAC',18.00,'1'),('030712','VILCABAMBA','GRAU','APURIMAC',18.00,'1'),('030713','VIRUNDO','GRAU','APURIMAC',18.00,'1'),('030714','CURASCO','GRAU','APURIMAC',18.00,'1'),('040101','AREQUIPA','AREQUIPA','AREQUIPA',22.00,'1'),('040102','ALTO SELVA ALEGRE','AREQUIPA','AREQUIPA',22.00,'1'),('040103','CAYMA','AREQUIPA','AREQUIPA',22.00,'1'),('040104','CERRO COLORADO','AREQUIPA','AREQUIPA',22.00,'1'),('040105','CHARACATO','AREQUIPA','AREQUIPA',22.00,'1'),('040106','CHIGUATA','AREQUIPA','AREQUIPA',22.00,'1'),('040107','JACOBO HUNTER','AREQUIPA','AREQUIPA',22.00,'1'),('040108','LA JOYA','AREQUIPA','AREQUIPA',22.00,'1'),('040109','MARIANO MELGAR','AREQUIPA','AREQUIPA',22.00,'1'),('040110','MIRAFLORES','AREQUIPA','AREQUIPA',22.00,'1'),('040111','MOLLEBAYA','AREQUIPA','AREQUIPA',22.00,'1'),('040112','PAUCARPATA','AREQUIPA','AREQUIPA',22.00,'1'),('040113','POCSI','AREQUIPA','AREQUIPA',22.00,'1'),('040114','POLOBAYA','AREQUIPA','AREQUIPA',22.00,'1'),('040115','QUEQUEÑA','AREQUIPA','AREQUIPA',22.00,'1'),('040116','SABANDIA','AREQUIPA','AREQUIPA',22.00,'1'),('040117','SACHACA','AREQUIPA','AREQUIPA',22.00,'1'),('040118','SAN JUAN DE SIGUAS','AREQUIPA','AREQUIPA',22.00,'1'),('040119','SAN JUAN DE TARUCANI','AREQUIPA','AREQUIPA',22.00,'1'),('040120','SANTA ISABEL DE SIGUAS','AREQUIPA','AREQUIPA',22.00,'1'),('040121','SANTA RITA DE SIGUAS','AREQUIPA','AREQUIPA',22.00,'1'),('040122','SOCABAYA','AREQUIPA','AREQUIPA',22.00,'1'),('040123','TIABAYA','AREQUIPA','AREQUIPA',22.00,'1'),('040124','UCHUMAYO','AREQUIPA','AREQUIPA',22.00,'1'),('040125','VITOR','AREQUIPA','AREQUIPA',22.00,'1'),('040126','YANAHUARA','AREQUIPA','AREQUIPA',22.00,'1'),('040127','YARABAMBA','AREQUIPA','AREQUIPA',22.00,'1'),('040128','YURA','AREQUIPA','AREQUIPA',22.00,'1'),('040129','JOSE LUIS BUSTAMANTE Y RIVERO','AREQUIPA','AREQUIPA',22.00,'1'),('040201','CAMANA','CAMANA','AREQUIPA',22.00,'1'),('040202','JOSE MARIA QUIMPER','CAMANA','AREQUIPA',22.00,'1'),('040203','MARIANO NICOLAS VALCARCEL','CAMANA','AREQUIPA',22.00,'1'),('040204','MARISCAL CACERES','CAMANA','AREQUIPA',22.00,'1'),('040205','NICOLAS DE PIEROLA','CAMANA','AREQUIPA',22.00,'1'),('040206','OCOÑA','CAMANA','AREQUIPA',22.00,'1'),('040207','QUILCA','CAMANA','AREQUIPA',22.00,'1'),('040208','SAMUEL PASTOR','CAMANA','AREQUIPA',22.00,'1'),('040301','CARAVELI','CARAVELI','AREQUIPA',22.00,'1'),('040302','ACARI','CARAVELI','AREQUIPA',22.00,'1'),('040303','ATICO','CARAVELI','AREQUIPA',22.00,'1'),('040304','ATIQUIPA','CARAVELI','AREQUIPA',22.00,'1'),('040305','BELLA UNION','CARAVELI','AREQUIPA',22.00,'1'),('040306','CAHUACHO','CARAVELI','AREQUIPA',22.00,'1'),('040307','CHALA','CARAVELI','AREQUIPA',22.00,'1'),('040308','CHAPARRA','CARAVELI','AREQUIPA',22.00,'1'),('040309','HUANUHUANU','CARAVELI','AREQUIPA',22.00,'1'),('040310','JAQUI','CARAVELI','AREQUIPA',22.00,'1'),('040311','LOMAS','CARAVELI','AREQUIPA',22.00,'1'),('040312','QUICACHA','CARAVELI','AREQUIPA',22.00,'1'),('040313','YAUCA','CARAVELI','AREQUIPA',22.00,'1'),('040401','APLAO','CASTILLA','AREQUIPA',22.00,'1'),('040402','ANDAGUA','CASTILLA','AREQUIPA',22.00,'1'),('040403','AYO','CASTILLA','AREQUIPA',22.00,'1'),('040404','CHACHAS','CASTILLA','AREQUIPA',22.00,'1'),('040405','CHILCAYMARCA','CASTILLA','AREQUIPA',22.00,'1'),('040406','CHOCO','CASTILLA','AREQUIPA',22.00,'1'),('040407','HUANCARQUI','CASTILLA','AREQUIPA',22.00,'1'),('040408','MACHAGUAY','CASTILLA','AREQUIPA',22.00,'1'),('040409','ORCOPAMPA','CASTILLA','AREQUIPA',22.00,'1'),('040410','PAMPACOLCA','CASTILLA','AREQUIPA',22.00,'1'),('040411','TIPAN','CASTILLA','AREQUIPA',22.00,'1'),('040412','UÑON','CASTILLA','AREQUIPA',22.00,'1'),('040413','URACA','CASTILLA','AREQUIPA',22.00,'1'),('040414','VIRACO','CASTILLA','AREQUIPA',22.00,'1'),('040501','CHIVAY','CAYLLOMA','AREQUIPA',22.00,'1'),('040502','ACHOMA','CAYLLOMA','AREQUIPA',22.00,'1'),('040503','CABANACONDE','CAYLLOMA','AREQUIPA',22.00,'1'),('040504','CALLALLI','CAYLLOMA','AREQUIPA',22.00,'1'),('040505','CAYLLOMA','CAYLLOMA','AREQUIPA',22.00,'1'),('040506','COPORAQUE','CAYLLOMA','AREQUIPA',22.00,'1'),('040507','HUAMBO','CAYLLOMA','AREQUIPA',22.00,'1'),('040508','HUANCA','CAYLLOMA','AREQUIPA',22.00,'1'),('040509','ICHUPAMPA','CAYLLOMA','AREQUIPA',22.00,'1'),('040510','LARI','CAYLLOMA','AREQUIPA',22.00,'1'),('040511','LLUTA','CAYLLOMA','AREQUIPA',22.00,'1'),('040512','MACA','CAYLLOMA','AREQUIPA',22.00,'1'),('040513','MADRIGAL','CAYLLOMA','AREQUIPA',22.00,'1'),('040514','SAN ANTONIO DE CHUCA','CAYLLOMA','AREQUIPA',22.00,'1'),('040515','SIBAYO','CAYLLOMA','AREQUIPA',22.00,'1'),('040516','TAPAY','CAYLLOMA','AREQUIPA',22.00,'1'),('040517','TISCO','CAYLLOMA','AREQUIPA',22.00,'1'),('040518','TUTI','CAYLLOMA','AREQUIPA',22.00,'1'),('040519','YANQUE','CAYLLOMA','AREQUIPA',22.00,'1'),('040520','MAJES','CAYLLOMA','AREQUIPA',22.00,'1'),('040601','CHUQUIBAMBA','CONDESUYOS','AREQUIPA',22.00,'1'),('040602','ANDARAY','CONDESUYOS','AREQUIPA',22.00,'1'),('040603','CAYARANI','CONDESUYOS','AREQUIPA',22.00,'1'),('040604','CHICHAS','CONDESUYOS','AREQUIPA',22.00,'1'),('040605','IRAY','CONDESUYOS','AREQUIPA',22.00,'1'),('040606','RIO GRANDE','CONDESUYOS','AREQUIPA',22.00,'1'),('040607','SALAMANCA','CONDESUYOS','AREQUIPA',22.00,'1'),('040608','YANAQUIHUA','CONDESUYOS','AREQUIPA',22.00,'1'),('040701','MOLLENDO','ISLAY','AREQUIPA',22.00,'1'),('040702','COCACHACRA','ISLAY','AREQUIPA',22.00,'1'),('040703','DEAN VALDIVIA','ISLAY','AREQUIPA',22.00,'1'),('040704','ISLAY','ISLAY','AREQUIPA',22.00,'1'),('040705','MEJIA','ISLAY','AREQUIPA',22.00,'1'),('040706','PUNTA DE BOMBON','ISLAY','AREQUIPA',22.00,'1'),('040801','COTAHUASI','LA UNION','AREQUIPA',22.00,'1'),('040802','ALCA','LA UNION','AREQUIPA',22.00,'1'),('040803','CHARCANA','LA UNION','AREQUIPA',22.00,'1'),('040804','HUAYNACOTAS','LA UNION','AREQUIPA',22.00,'1'),('040805','PAMPAMARCA','LA UNION','AREQUIPA',22.00,'1'),('040806','PUYCA','LA UNION','AREQUIPA',22.00,'1'),('040807','QUECHUALLA','LA UNION','AREQUIPA',22.00,'1'),('040808','SAYLA','LA UNION','AREQUIPA',22.00,'1'),('040809','TAURIA','LA UNION','AREQUIPA',22.00,'1'),('040810','TOMEPAMPA','LA UNION','AREQUIPA',22.00,'1'),('040811','TORO','LA UNION','AREQUIPA',22.00,'1'),('050101','AYACUCHO','HUAMANGA','AYACUCHO',15.00,'1'),('050102','ACOCRO','HUAMANGA','AYACUCHO',15.00,'1'),('050103','ACOS VINCHOS','HUAMANGA','AYACUCHO',15.00,'1'),('050104','CARMEN ALTO','HUAMANGA','AYACUCHO',15.00,'1'),('050105','CHIARA','HUAMANGA','AYACUCHO',15.00,'1'),('050106','OCROS','HUAMANGA','AYACUCHO',15.00,'1'),('050107','PACAYCASA','HUAMANGA','AYACUCHO',15.00,'1'),('050108','QUINUA','HUAMANGA','AYACUCHO',15.00,'1'),('050109','SAN JOSE DE TICLLAS','HUAMANGA','AYACUCHO',15.00,'1'),('050110','SAN JUAN BAUTISTA','HUAMANGA','AYACUCHO',15.00,'1'),('050111','SANTIAGO DE PISCHA','HUAMANGA','AYACUCHO',15.00,'1'),('050112','SOCOS','HUAMANGA','AYACUCHO',15.00,'1'),('050113','TAMBILLO','HUAMANGA','AYACUCHO',15.00,'1'),('050114','VINCHOS','HUAMANGA','AYACUCHO',15.00,'1'),('050115','JESUS NAZARENO','HUAMANGA','AYACUCHO',15.00,'1'),('050201','CANGALLO','CANGALLO','AYACUCHO',15.00,'1'),('050202','CHUSCHI','CANGALLO','AYACUCHO',15.00,'1'),('050203','LOS MOROCHUCOS','CANGALLO','AYACUCHO',15.00,'1'),('050204','MARIA PARADO DE BELLIDO','CANGALLO','AYACUCHO',15.00,'1'),('050205','PARAS','CANGALLO','AYACUCHO',15.00,'1'),('050206','TOTOS','CANGALLO','AYACUCHO',15.00,'1'),('050301','SANCOS','HUANCA SANCOS','AYACUCHO',15.00,'1'),('050302','CARAPO','HUANCA SANCOS','AYACUCHO',15.00,'1'),('050303','SACSAMARCA','HUANCA SANCOS','AYACUCHO',15.00,'1'),('050304','SANTIAGO DE LUCANAMARCA','HUANCA SANCOS','AYACUCHO',15.00,'1'),('050401','HUANTA','HUANTA','AYACUCHO',15.00,'1'),('050402','AYAHUANCO','HUANTA','AYACUCHO',15.00,'1'),('050403','HUAMANGUILLA','HUANTA','AYACUCHO',15.00,'1'),('050404','IGUAIN','HUANTA','AYACUCHO',15.00,'1'),('050405','LURICOCHA','HUANTA','AYACUCHO',15.00,'1'),('050406','SANTILLANA','HUANTA','AYACUCHO',15.00,'1'),('050407','SIVIA','HUANTA','AYACUCHO',15.00,'1'),('050408','LLOCHEGUA','HUANTA','AYACUCHO',15.00,'1'),('050501','SAN MIGUEL','LA MAR','AYACUCHO',15.00,'1'),('050502','ANCO','LA MAR','AYACUCHO',15.00,'1'),('050503','AYNA','LA MAR','AYACUCHO',15.00,'1'),('050504','CHILCAS','LA MAR','AYACUCHO',15.00,'1'),('050505','CHUNGUI','LA MAR','AYACUCHO',15.00,'1'),('050506','LUIS CARRANZA','LA MAR','AYACUCHO',15.00,'1'),('050507','SANTA ROSA','LA MAR','AYACUCHO',15.00,'1'),('050508','TAMBO','LA MAR','AYACUCHO',15.00,'1'),('050601','PUQUIO','LUCANAS','AYACUCHO',15.00,'1'),('050602','AUCARA','LUCANAS','AYACUCHO',15.00,'1'),('050603','CABANA','LUCANAS','AYACUCHO',15.00,'1'),('050604','CARMEN SALCEDO','LUCANAS','AYACUCHO',15.00,'1'),('050605','CHAVIÑA','LUCANAS','AYACUCHO',15.00,'1'),('050606','CHIPAO','LUCANAS','AYACUCHO',15.00,'1'),('050607','HUAC-HUAS','LUCANAS','AYACUCHO',15.00,'1'),('050608','LARAMATE','LUCANAS','AYACUCHO',15.00,'1'),('050609','LEONCIO PRADO','LUCANAS','AYACUCHO',15.00,'1'),('050610','LLAUTA','LUCANAS','AYACUCHO',15.00,'1'),('050611','LUCANAS','LUCANAS','AYACUCHO',15.00,'1'),('050612','OCAÑA','LUCANAS','AYACUCHO',15.00,'1'),('050613','OTOCA','LUCANAS','AYACUCHO',15.00,'1'),('050614','SAISA','LUCANAS','AYACUCHO',15.00,'1'),('050615','SAN CRISTOBAL','LUCANAS','AYACUCHO',15.00,'1'),('050616','SAN JUAN','LUCANAS','AYACUCHO',15.00,'1'),('050617','SAN PEDRO','LUCANAS','AYACUCHO',15.00,'1'),('050618','SAN PEDRO DE PALCO','LUCANAS','AYACUCHO',15.00,'1'),('050619','SANCOS','LUCANAS','AYACUCHO',15.00,'1'),('050620','SANTA ANA DE HUAYCAHUACHO','LUCANAS','AYACUCHO',15.00,'1'),('050621','SANTA LUCIA','LUCANAS','AYACUCHO',15.00,'1'),('050701','CORACORA','PARINACOCHAS','AYACUCHO',15.00,'1'),('050702','CHUMPI','PARINACOCHAS','AYACUCHO',15.00,'1'),('050703','CORONEL CASTAÑEDA','PARINACOCHAS','AYACUCHO',15.00,'1'),('050704','PACAPAUSA','PARINACOCHAS','AYACUCHO',15.00,'1'),('050705','PULLO','PARINACOCHAS','AYACUCHO',15.00,'1'),('050706','PUYUSCA','PARINACOCHAS','AYACUCHO',15.00,'1'),('050707','SAN FRANCISCO DE RAVACAYCO','PARINACOCHAS','AYACUCHO',15.00,'1'),('050708','UPAHUACHO','PARINACOCHAS','AYACUCHO',15.00,'1'),('050801','PAUSA','PAUCAR DEL SARA SARA','AYACUCHO',15.00,'1'),('050802','COLTA','PAUCAR DEL SARA SARA','AYACUCHO',15.00,'1'),('050803','CORCULLA','PAUCAR DEL SARA SARA','AYACUCHO',15.00,'1'),('050804','LAMPA','PAUCAR DEL SARA SARA','AYACUCHO',15.00,'1'),('050805','MARCABAMBA','PAUCAR DEL SARA SARA','AYACUCHO',15.00,'1'),('050806','OYOLO','PAUCAR DEL SARA SARA','AYACUCHO',15.00,'1'),('050807','PARARCA','PAUCAR DEL SARA SARA','AYACUCHO',15.00,'1'),('050808','SAN JAVIER DE ALPABAMBA','PAUCAR DEL SARA SARA','AYACUCHO',15.00,'1'),('050809','SAN JOSE DE USHUA','PAUCAR DEL SARA SARA','AYACUCHO',15.00,'1'),('050810','SARA SARA','PAUCAR DEL SARA SARA','AYACUCHO',15.00,'1'),('050901','QUEROBAMBA','SUCRE','AYACUCHO',15.00,'1'),('050902','BELEN','SUCRE','AYACUCHO',15.00,'1'),('050903','CHALCOS','SUCRE','AYACUCHO',15.00,'1'),('050904','CHILCAYOC','SUCRE','AYACUCHO',15.00,'1'),('050905','HUACAÑA','SUCRE','AYACUCHO',15.00,'1'),('050906','MORCOLLA','SUCRE','AYACUCHO',15.00,'1'),('050907','PAICO','SUCRE','AYACUCHO',15.00,'1'),('050908','SAN PEDRO DE LARCAY','SUCRE','AYACUCHO',15.00,'1'),('050909','SAN SALVADOR DE QUIJE','SUCRE','AYACUCHO',15.00,'1'),('050910','SANTIAGO DE PAUCARAY','SUCRE','AYACUCHO',15.00,'1'),('050911','SORAS','SUCRE','AYACUCHO',15.00,'1'),('051001','HUANCAPI','VICTOR FAJARDO','AYACUCHO',15.00,'1'),('051002','ALCAMENCA','VICTOR FAJARDO','AYACUCHO',15.00,'1'),('051003','APONGO','VICTOR FAJARDO','AYACUCHO',15.00,'1'),('051004','ASQUIPATA','VICTOR FAJARDO','AYACUCHO',15.00,'1'),('051005','CANARIA','VICTOR FAJARDO','AYACUCHO',15.00,'1'),('051006','CAYARA','VICTOR FAJARDO','AYACUCHO',15.00,'1'),('051007','COLCA','VICTOR FAJARDO','AYACUCHO',15.00,'1'),('051008','HUAMANQUIQUIA','VICTOR FAJARDO','AYACUCHO',15.00,'1'),('051009','HUANCARAYLLA','VICTOR FAJARDO','AYACUCHO',15.00,'1'),('051010','HUAYA','VICTOR FAJARDO','AYACUCHO',15.00,'1'),('051011','SARHUA','VICTOR FAJARDO','AYACUCHO',15.00,'1'),('051012','VILCANCHOS','VICTOR FAJARDO','AYACUCHO',15.00,'1'),('051101','VILCAS HUAMAN','VILCAS HUAMAN','AYACUCHO',15.00,'1'),('051102','ACCOMARCA','VILCAS HUAMAN','AYACUCHO',15.00,'1'),('051103','CARHUANCA','VILCAS HUAMAN','AYACUCHO',15.00,'1'),('051104','CONCEPCION','VILCAS HUAMAN','AYACUCHO',15.00,'1'),('051105','HUAMBALPA','VILCAS HUAMAN','AYACUCHO',15.00,'1'),('051106','INDEPENDENCIA','VILCAS HUAMAN','AYACUCHO',15.00,'1'),('051107','SAURAMA','VILCAS HUAMAN','AYACUCHO',15.00,'1'),('051108','VISCHONGO','VILCAS HUAMAN','AYACUCHO',15.00,'1'),('060101','CAJAMARCA','CAJAMARCA','CAJAMARCA',17.00,'1'),('060102','ASUNCION','CAJAMARCA','CAJAMARCA',17.00,'1'),('060103','CHETILLA','CAJAMARCA','CAJAMARCA',17.00,'1'),('060104','COSPAN','CAJAMARCA','CAJAMARCA',17.00,'1'),('060105','ENCAÑADA','CAJAMARCA','CAJAMARCA',17.00,'1'),('060106','JESUS','CAJAMARCA','CAJAMARCA',17.00,'1'),('060107','LLACANORA','CAJAMARCA','CAJAMARCA',17.00,'1'),('060108','LOS BAÑOS DEL INCA','CAJAMARCA','CAJAMARCA',17.00,'1'),('060109','MAGDALENA','CAJAMARCA','CAJAMARCA',17.00,'1'),('060110','MATARA','CAJAMARCA','CAJAMARCA',17.00,'1'),('060111','NAMORA','CAJAMARCA','CAJAMARCA',17.00,'1'),('060112','SAN JUAN','CAJAMARCA','CAJAMARCA',17.00,'1'),('060201','CAJABAMBA','CAJABAMBA','CAJAMARCA',17.00,'1'),('060202','CACHACHI','CAJABAMBA','CAJAMARCA',17.00,'1'),('060203','CONDEBAMBA','CAJABAMBA','CAJAMARCA',17.00,'1'),('060204','SITACOCHA','CAJABAMBA','CAJAMARCA',17.00,'1'),('060301','CELENDIN','CELENDIN','CAJAMARCA',17.00,'1'),('060302','CHUMUCH','CELENDIN','CAJAMARCA',17.00,'1'),('060303','CORTEGANA','CELENDIN','CAJAMARCA',17.00,'1'),('060304','HUASMIN','CELENDIN','CAJAMARCA',17.00,'1'),('060305','JORGE CHAVEZ','CELENDIN','CAJAMARCA',17.00,'1'),('060306','JOSE GALVEZ','CELENDIN','CAJAMARCA',17.00,'1'),('060307','MIGUEL IGLESIAS','CELENDIN','CAJAMARCA',17.00,'1'),('060308','OXAMARCA','CELENDIN','CAJAMARCA',17.00,'1'),('060309','SOROCHUCO','CELENDIN','CAJAMARCA',17.00,'1'),('060310','SUCRE','CELENDIN','CAJAMARCA',17.00,'1'),('060311','UTCO','CELENDIN','CAJAMARCA',17.00,'1'),('060312','LA LIBERTAD DE PALLAN','CELENDIN','CAJAMARCA',17.00,'1'),('060401','CHOTA','CHOTA','CAJAMARCA',17.00,'1'),('060402','ANGUIA','CHOTA','CAJAMARCA',17.00,'1'),('060403','CHADIN','CHOTA','CAJAMARCA',17.00,'1'),('060404','CHIGUIRIP','CHOTA','CAJAMARCA',17.00,'1'),('060405','CHIMBAN','CHOTA','CAJAMARCA',17.00,'1'),('060406','CHOROPAMPA','CHOTA','CAJAMARCA',17.00,'1'),('060407','COCHABAMBA','CHOTA','CAJAMARCA',17.00,'1'),('060408','CONCHAN','CHOTA','CAJAMARCA',17.00,'1'),('060409','HUAMBOS','CHOTA','CAJAMARCA',17.00,'1'),('060410','LAJAS','CHOTA','CAJAMARCA',17.00,'1'),('060411','LLAMA','CHOTA','CAJAMARCA',17.00,'1'),('060412','MIRACOSTA','CHOTA','CAJAMARCA',17.00,'1'),('060413','PACCHA','CHOTA','CAJAMARCA',17.00,'1'),('060414','PION','CHOTA','CAJAMARCA',17.00,'1'),('060415','QUEROCOTO','CHOTA','CAJAMARCA',17.00,'1'),('060416','SAN JUAN DE LICUPIS','CHOTA','CAJAMARCA',17.00,'1'),('060417','TACABAMBA','CHOTA','CAJAMARCA',17.00,'1'),('060418','TOCMOCHE','CHOTA','CAJAMARCA',17.00,'1'),('060419','CHALAMARCA','CHOTA','CAJAMARCA',17.00,'1'),('060501','CONTUMAZA','CONTUMAZA','CAJAMARCA',17.00,'1'),('060502','CHILETE','CONTUMAZA','CAJAMARCA',17.00,'1'),('060503','CUPISNIQUE','CONTUMAZA','CAJAMARCA',17.00,'1'),('060504','GUZMANGO','CONTUMAZA','CAJAMARCA',17.00,'1'),('060505','SAN BENITO','CONTUMAZA','CAJAMARCA',17.00,'1'),('060506','SANTA CRUZ DE TOLED','CONTUMAZA','CAJAMARCA',17.00,'1'),('060507','TANTARICA','CONTUMAZA','CAJAMARCA',17.00,'1'),('060508','YONAN','CONTUMAZA','CAJAMARCA',17.00,'1'),('060601','CUTERVO','CUTERVO','CAJAMARCA',17.00,'1'),('060602','CALLAYUC','CUTERVO','CAJAMARCA',17.00,'1'),('060603','CHOROS','CUTERVO','CAJAMARCA',17.00,'1'),('060604','CUJILLO','CUTERVO','CAJAMARCA',17.00,'1'),('060605','LA RAMADA','CUTERVO','CAJAMARCA',17.00,'1'),('060606','PIMPINGOS','CUTERVO','CAJAMARCA',17.00,'1'),('060607','QUEROCOTILLO','CUTERVO','CAJAMARCA',17.00,'1'),('060608','SAN ANDRES DE CUTERVO','CUTERVO','CAJAMARCA',17.00,'1'),('060609','SAN JUAN DE CUTERVO','CUTERVO','CAJAMARCA',17.00,'1'),('060610','SAN LUIS DE LUCMA','CUTERVO','CAJAMARCA',17.00,'1'),('060611','SANTA CRUZ','CUTERVO','CAJAMARCA',17.00,'1'),('060612','SANTO DOMINGO DE LA CAPILLA','CUTERVO','CAJAMARCA',17.00,'1'),('060613','SANTO TOMAS','CUTERVO','CAJAMARCA',17.00,'1'),('060614','SOCOTA','CUTERVO','CAJAMARCA',17.00,'1'),('060615','TORIBIO CASANOVA','CUTERVO','CAJAMARCA',17.00,'1'),('060701','BAMBAMARCA','HUALGAYOC','CAJAMARCA',17.00,'1'),('060702','CHUGUR','HUALGAYOC','CAJAMARCA',17.00,'1'),('060703','HUALGAYOC','HUALGAYOC','CAJAMARCA',17.00,'1'),('060801','JAEN','JAEN','CAJAMARCA',17.00,'1'),('060802','BELLAVISTA','JAEN','CAJAMARCA',17.00,'1'),('060803','CHONTALI','JAEN','CAJAMARCA',17.00,'1'),('060804','COLASAY','JAEN','CAJAMARCA',17.00,'1'),('060805','HUABAL','JAEN','CAJAMARCA',17.00,'1'),('060806','LAS PIRIAS','JAEN','CAJAMARCA',17.00,'1'),('060807','POMAHUACA','JAEN','CAJAMARCA',17.00,'1'),('060808','PUCARA','JAEN','CAJAMARCA',17.00,'1'),('060809','SALLIQUE','JAEN','CAJAMARCA',17.00,'1'),('060810','SAN FELIPE','JAEN','CAJAMARCA',17.00,'1'),('060811','SAN JOSE DEL ALTO','JAEN','CAJAMARCA',17.00,'1'),('060812','SANTA ROSA','JAEN','CAJAMARCA',17.00,'1'),('060901','SAN IGNACIO','SAN IGNACIO','CAJAMARCA',17.00,'1'),('060902','CHIRINOS','SAN IGNACIO','CAJAMARCA',17.00,'1'),('060903','HUARANGO','SAN IGNACIO','CAJAMARCA',17.00,'1'),('060904','LA COIPA','SAN IGNACIO','CAJAMARCA',17.00,'1'),('060905','NAMBALLE','SAN IGNACIO','CAJAMARCA',17.00,'1'),('060906','SAN JOSE DE LOURDES','SAN IGNACIO','CAJAMARCA',17.00,'1'),('060907','TABACONAS','SAN IGNACIO','CAJAMARCA',17.00,'1'),('061001','PEDRO GALVEZ','SAN MARCOS','CAJAMARCA',17.00,'1'),('061002','CHANCAY','SAN MARCOS','CAJAMARCA',17.00,'1'),('061003','EDUARDO VILLANUEVA','SAN MARCOS','CAJAMARCA',17.00,'1'),('061004','GREGORIO PITA','SAN MARCOS','CAJAMARCA',17.00,'1'),('061005','ICHOCAN','SAN MARCOS','CAJAMARCA',17.00,'1'),('061006','JOSE MANUEL QUIROZ','SAN MARCOS','CAJAMARCA',17.00,'1'),('061007','JOSE SABOGAL','SAN MARCOS','CAJAMARCA',17.00,'1'),('061101','SAN MIGUEL','SAN MIGUEL','CAJAMARCA',17.00,'1'),('061102','BOLIVAR','SAN MIGUEL','CAJAMARCA',17.00,'1'),('061103','CALQUIS','SAN MIGUEL','CAJAMARCA',17.00,'1'),('061104','CATILLUC','SAN MIGUEL','CAJAMARCA',17.00,'1'),('061105','EL PRADO','SAN MIGUEL','CAJAMARCA',17.00,'1'),('061106','LA FLORIDA','SAN MIGUEL','CAJAMARCA',17.00,'1'),('061107','LLAPA','SAN MIGUEL','CAJAMARCA',17.00,'1'),('061108','NANCHOC','SAN MIGUEL','CAJAMARCA',17.00,'1'),('061109','NIEPOS','SAN MIGUEL','CAJAMARCA',17.00,'1'),('061110','SAN GREGORIO','SAN MIGUEL','CAJAMARCA',17.00,'1'),('061111','SAN SILVESTRE DE COCHAN','SAN MIGUEL','CAJAMARCA',17.00,'1'),('061112','TONGOD','SAN MIGUEL','CAJAMARCA',17.00,'1'),('061113','UNION AGUA BLANCA','SAN MIGUEL','CAJAMARCA',17.00,'1'),('061201','SAN PABLO','SAN PABLO','CAJAMARCA',17.00,'1'),('061202','SAN BERNARDINO','SAN PABLO','CAJAMARCA',17.00,'1'),('061203','SAN LUIS','SAN PABLO','CAJAMARCA',17.00,'1'),('061204','TUMBADEN','SAN PABLO','CAJAMARCA',17.00,'1'),('061301','SANTA CRUZ','SANTA CRUZ','CAJAMARCA',17.00,'1'),('061302','ANDABAMBA','SANTA CRUZ','CAJAMARCA',17.00,'1'),('061303','CATACHE','SANTA CRUZ','CAJAMARCA',17.00,'1'),('061304','CHANCAYBAÑOS','SANTA CRUZ','CAJAMARCA',17.00,'1'),('061305','LA ESPERANZA','SANTA CRUZ','CAJAMARCA',17.00,'1'),('061306','NINABAMBA','SANTA CRUZ','CAJAMARCA',17.00,'1'),('061307','PULAN','SANTA CRUZ','CAJAMARCA',17.00,'1'),('061308','SAUCEPAMPA','SANTA CRUZ','CAJAMARCA',17.00,'1'),('061309','SEXI','SANTA CRUZ','CAJAMARCA',17.00,'1'),('061310','UTICYACU','SANTA CRUZ','CAJAMARCA',17.00,'1'),('061311','YAUYUCAN','SANTA CRUZ','CAJAMARCA',17.00,'1'),('070101','CALLAO','CALLAO','CALLAO',8.00,'1'),('070102','BELLAVISTA','CALLAO','CALLAO',8.00,'1'),('070103','CARMEN DE LA LEGUA Y REYNOSO','CALLAO','CALLAO',8.00,'1'),('070104','LA PERLA','CALLAO','CALLAO',8.00,'1'),('070105','LA PUNTA','CALLAO','CALLAO',8.00,'1'),('070106','VENTANILLA','CALLAO','CALLAO',8.00,'1'),('070107','MI PERU','CALLAO','CALLAO',8.00,'1'),('080101','CUSCO','CUSCO','CUSCO',16.00,'1'),('080102','CCORCA','CUSCO','CUSCO',16.00,'1'),('080103','POROY','CUSCO','CUSCO',16.00,'1'),('080104','SAN JERONIMO','CUSCO','CUSCO',16.00,'1'),('080105','SAN SEBASTIAN','CUSCO','CUSCO',16.00,'1'),('080106','SANTIAGO','CUSCO','CUSCO',16.00,'1'),('080107','SAYLLA','CUSCO','CUSCO',16.00,'1'),('080108','WANCHAQ','CUSCO','CUSCO',16.00,'1'),('080201','ACOMAYO','ACOMAYO','CUSCO',16.00,'1'),('080202','ACOPIA','ACOMAYO','CUSCO',16.00,'1'),('080203','ACOS','ACOMAYO','CUSCO',16.00,'1'),('080204','MOSOC LLACTA','ACOMAYO','CUSCO',16.00,'1'),('080205','POMACANCHI','ACOMAYO','CUSCO',16.00,'1'),('080206','RONDOCAN','ACOMAYO','CUSCO',16.00,'1'),('080207','SANGARARA','ACOMAYO','CUSCO',16.00,'1'),('080301','ANTA','ANTA','CUSCO',16.00,'1'),('080302','ANCAHUASI','ANTA','CUSCO',16.00,'1'),('080303','CACHIMAYO','ANTA','CUSCO',16.00,'1'),('080304','CHINCHAYPUJIO','ANTA','CUSCO',16.00,'1'),('080305','HUAROCONDO','ANTA','CUSCO',16.00,'1'),('080306','LIMATAMBO','ANTA','CUSCO',16.00,'1'),('080307','MOLLEPATA','ANTA','CUSCO',16.00,'1'),('080308','PUCYURA','ANTA','CUSCO',16.00,'1'),('080309','ZURITE','ANTA','CUSCO',16.00,'1'),('080401','CALCA','CALCA','CUSCO',16.00,'1'),('080402','COYA','CALCA','CUSCO',16.00,'1'),('080403','LAMAY','CALCA','CUSCO',16.00,'1'),('080404','LARES','CALCA','CUSCO',16.00,'1'),('080405','PISAC','CALCA','CUSCO',16.00,'1'),('080406','SAN SALVADOR','CALCA','CUSCO',16.00,'1'),('080407','TARAY','CALCA','CUSCO',16.00,'1'),('080408','YANATILE','CALCA','CUSCO',16.00,'1'),('080501','YANAOCA','CANAS','CUSCO',16.00,'1'),('080502','CHECCA','CANAS','CUSCO',16.00,'1'),('080503','KUNTURKANKI','CANAS','CUSCO',16.00,'1'),('080504','LANGUI','CANAS','CUSCO',16.00,'1'),('080505','LAYO','CANAS','CUSCO',16.00,'1'),('080506','PAMPAMARCA','CANAS','CUSCO',16.00,'1'),('080507','QUEHUE','CANAS','CUSCO',16.00,'1'),('080508','TUPAC AMARU','CANAS','CUSCO',16.00,'1'),('080601','SICUANI','CANCHIS','CUSCO',16.00,'1'),('080602','CHECACUPE','CANCHIS','CUSCO',16.00,'1'),('080603','COMBAPATA','CANCHIS','CUSCO',16.00,'1'),('080604','MARANGANI','CANCHIS','CUSCO',16.00,'1'),('080605','PITUMARCA','CANCHIS','CUSCO',16.00,'1'),('080606','SAN PABLO','CANCHIS','CUSCO',16.00,'1'),('080607','SAN PEDRO','CANCHIS','CUSCO',16.00,'1'),('080608','TINTA','CANCHIS','CUSCO',16.00,'1'),('080701','SANTO TOMAS','CHUMBIVILCAS','CUSCO',16.00,'1'),('080702','CAPACMARCA','CHUMBIVILCAS','CUSCO',16.00,'1'),('080703','CHAMACA','CHUMBIVILCAS','CUSCO',16.00,'1'),('080704','COLQUEMARCA','CHUMBIVILCAS','CUSCO',16.00,'1'),('080705','LIVITACA','CHUMBIVILCAS','CUSCO',16.00,'1'),('080706','LLUSCO','CHUMBIVILCAS','CUSCO',16.00,'1'),('080707','QUIÑOTA','CHUMBIVILCAS','CUSCO',16.00,'1'),('080708','VELILLE','CHUMBIVILCAS','CUSCO',16.00,'1'),('080801','ESPINAR','ESPINAR','CUSCO',16.00,'1'),('080802','CONDOROMA','ESPINAR','CUSCO',16.00,'1'),('080803','COPORAQUE','ESPINAR','CUSCO',16.00,'1'),('080804','OCORURO','ESPINAR','CUSCO',16.00,'1'),('080805','PALLPATA','ESPINAR','CUSCO',16.00,'1'),('080806','PICHIGUA','ESPINAR','CUSCO',16.00,'1'),('080807','SUYCKUTAMBO','ESPINAR','CUSCO',16.00,'1'),('080808','ALTO PICHIGUA','ESPINAR','CUSCO',16.00,'1'),('080901','SANTA ANA','LA CONVENCION','CUSCO',16.00,'1'),('080902','ECHARATE','LA CONVENCION','CUSCO',16.00,'1'),('080903','HUAYOPATA','LA CONVENCION','CUSCO',16.00,'1'),('080904','MARANURA','LA CONVENCION','CUSCO',16.00,'1'),('080905','OCOBAMBA','LA CONVENCION','CUSCO',16.00,'1'),('080906','QUELLOUNO','LA CONVENCION','CUSCO',16.00,'1'),('080907','KIMBIRI','LA CONVENCION','CUSCO',16.00,'1'),('080908','SANTA TERESA','LA CONVENCION','CUSCO',16.00,'1'),('080909','VILCABAMBA','LA CONVENCION','CUSCO',16.00,'1'),('080910','PICHARI','LA CONVENCION','CUSCO',16.00,'1'),('081001','PARURO','PARURO','CUSCO',16.00,'1'),('081002','ACCHA','PARURO','CUSCO',16.00,'1'),('081003','CCAPI','PARURO','CUSCO',16.00,'1'),('081004','COLCHA','PARURO','CUSCO',16.00,'1'),('081005','HUANOQUITE','PARURO','CUSCO',16.00,'1'),('081006','OMACHA','PARURO','CUSCO',16.00,'1'),('081007','PACCARITAMBO','PARURO','CUSCO',16.00,'1'),('081008','PILLPINTO','PARURO','CUSCO',16.00,'1'),('081009','YAURISQUE','PARURO','CUSCO',16.00,'1'),('081101','PAUCARTAMBO','PAUCARTAMBO','CUSCO',16.00,'1'),('081102','CAICAY','PAUCARTAMBO','CUSCO',16.00,'1'),('081103','CHALLABAMBA','PAUCARTAMBO','CUSCO',16.00,'1'),('081104','COLQUEPATA','PAUCARTAMBO','CUSCO',16.00,'1'),('081105','HUANCARANI','PAUCARTAMBO','CUSCO',16.00,'1'),('081106','KOSÑIPATA','PAUCARTAMBO','CUSCO',16.00,'1'),('081201','URCOS','QUISPICANCHI','CUSCO',16.00,'1'),('081202','ANDAHUAYLILLAS','QUISPICANCHI','CUSCO',16.00,'1'),('081203','CAMANTI','QUISPICANCHI','CUSCO',16.00,'1'),('081204','CCARHUAYO','QUISPICANCHI','CUSCO',16.00,'1'),('081205','CCATCA','QUISPICANCHI','CUSCO',16.00,'1'),('081206','CUSIPATA','QUISPICANCHI','CUSCO',16.00,'1'),('081207','HUARO','QUISPICANCHI','CUSCO',16.00,'1'),('081208','LUCRE','QUISPICANCHI','CUSCO',16.00,'1'),('081209','MARCAPATA','QUISPICANCHI','CUSCO',16.00,'1'),('081210','OCONGATE','QUISPICANCHI','CUSCO',16.00,'1'),('081211','OROPESA','QUISPICANCHI','CUSCO',16.00,'1'),('081212','QUIQUIJANA','QUISPICANCHI','CUSCO',16.00,'1'),('081301','URUBAMBA','URUBAMBA','CUSCO',16.00,'1'),('081302','CHINCHERO','URUBAMBA','CUSCO',16.00,'1'),('081303','HUAYLLABAMBA','URUBAMBA','CUSCO',16.00,'1'),('081304','MACHUPICCHU','URUBAMBA','CUSCO',16.00,'1'),('081305','MARAS','URUBAMBA','CUSCO',16.00,'1'),('081306','OLLANTAYTAMBO','URUBAMBA','CUSCO',16.00,'1'),('081307','YUCAY','URUBAMBA','CUSCO',16.00,'1'),('090101','HUANCAVELICA','HUANCAVELICA','HUANCAVELICA',14.00,'1'),('090102','ACOBAMBILLA','HUANCAVELICA','HUANCAVELICA',14.00,'1'),('090103','ACORIA','HUANCAVELICA','HUANCAVELICA',14.00,'1'),('090104','CONAYCA','HUANCAVELICA','HUANCAVELICA',14.00,'1'),('090105','CUENCA','HUANCAVELICA','HUANCAVELICA',14.00,'1'),('090106','HUACHOCOLPA','HUANCAVELICA','HUANCAVELICA',14.00,'1'),('090107','HUAYLLAHUARA','HUANCAVELICA','HUANCAVELICA',14.00,'1'),('090108','IZCUCHACA','HUANCAVELICA','HUANCAVELICA',14.00,'1'),('100204','CONCHAMARCA','AMBO','HUANUCO',16.00,'1'),('100205','HUACAR','AMBO','HUANUCO',16.00,'1'),('100206','SAN FRANCISCO','AMBO','HUANUCO',16.00,'1'),('100207','SAN RAFAEL','AMBO','HUANUCO',16.00,'1'),('100208','TOMAY KICHWA','AMBO','HUANUCO',16.00,'1'),('100301','LA UNION','DOS DE MAYO','HUANUCO',16.00,'1'),('100307','CHUQUIS','DOS DE MAYO','HUANUCO',16.00,'1'),('100311','MARIAS','DOS DE MAYO','HUANUCO',16.00,'1'),('100313','PACHAS','DOS DE MAYO','HUANUCO',16.00,'1'),('100316','QUIVILLA','DOS DE MAYO','HUANUCO',16.00,'1'),('100317','RIPAN','DOS DE MAYO','HUANUCO',16.00,'1'),('100321','SHUNQUI','DOS DE MAYO','HUANUCO',16.00,'1'),('100322','SILLAPATA','DOS DE MAYO','HUANUCO',16.00,'1'),('100323','YANAS','DOS DE MAYO','HUANUCO',16.00,'1'),('100401','HUACAYBAMBA','HUACAYBAMBA','HUANUCO',16.00,'1'),('100402','CANCHABAMBA','HUACAYBAMBA','HUANUCO',16.00,'1'),('100403','COCHABAMBA','HUACAYBAMBA','HUANUCO',16.00,'1'),('100404','PINRA','HUACAYBAMBA','HUANUCO',16.00,'1'),('100501','LLATA','HUAMALIES','HUANUCO',16.00,'1'),('100502','ARANCAY','HUAMALIES','HUANUCO',16.00,'1'),('100503','CHAVIN DE PARIARCA','HUAMALIES','HUANUCO',16.00,'1'),('100504','JACAS GRANDE','HUAMALIES','HUANUCO',16.00,'1'),('100505','JIRCAN','HUAMALIES','HUANUCO',16.00,'1'),('100506','MIRAFLORES','HUAMALIES','HUANUCO',16.00,'1'),('100507','MONZON','HUAMALIES','HUANUCO',16.00,'1'),('100508','PUNCHAO','HUAMALIES','HUANUCO',16.00,'1'),('100509','PUÑOS','HUAMALIES','HUANUCO',16.00,'1'),('100510','SINGA','HUAMALIES','HUANUCO',16.00,'1'),('100511','TANTAMAYO','HUAMALIES','HUANUCO',16.00,'1'),('100601','RUPA-RUPA','LEONCIO PRADO','HUANUCO',16.00,'1'),('100602','DANIEL ALOMIAS ROBLES','LEONCIO PRADO','HUANUCO',16.00,'1'),('100603','HERMILIO VALDIZAN','LEONCIO PRADO','HUANUCO',16.00,'1'),('100604','JOSE CRESPO Y CASTILLO','LEONCIO PRADO','HUANUCO',16.00,'1'),('100605','LUYANDO','LEONCIO PRADO','HUANUCO',16.00,'1'),('100606','MARIANO DAMASO BERAUN','LEONCIO PRADO','HUANUCO',16.00,'1'),('100701','HUACRACHUCO','MARAÑON','HUANUCO',16.00,'1'),('100702','CHOLON','MARAÑON','HUANUCO',16.00,'1'),('100703','SAN BUENAVENTURA','MARAÑON','HUANUCO',16.00,'1'),('100801','PANAO','PACHITEA','HUANUCO',16.00,'1'),('100802','CHAGLLA','PACHITEA','HUANUCO',16.00,'1'),('100803','MOLINO','PACHITEA','HUANUCO',16.00,'1'),('100804','UMARI','PACHITEA','HUANUCO',16.00,'1'),('100901','PUERTO INCA','PUERTO INCA','HUANUCO',16.00,'1'),('100902','CODO DEL POZUZO','PUERTO INCA','HUANUCO',16.00,'1'),('100903','HONORIA','PUERTO INCA','HUANUCO',16.00,'1'),('100904','TOURNAVISTA','PUERTO INCA','HUANUCO',16.00,'1'),('100905','YUYAPICHIS','PUERTO INCA','HUANUCO',16.00,'1'),('101001','JESUS','LAURICOCHA','HUANUCO',16.00,'1'),('101002','BAÑOS','LAURICOCHA','HUANUCO',16.00,'1'),('101003','JIVIA','LAURICOCHA','HUANUCO',16.00,'1'),('101004','QUEROPALCA','LAURICOCHA','HUANUCO',16.00,'1'),('101005','RONDOS','LAURICOCHA','HUANUCO',16.00,'1'),('101006','SAN FRANCISCO DE ASIS','LAURICOCHA','HUANUCO',16.00,'1'),('101007','SAN MIGUEL DE CAURI','LAURICOCHA','HUANUCO',16.00,'1'),('101101','CHAVINILLO','YAROWILCA','HUANUCO',16.00,'1'),('101102','CAHUAC','YAROWILCA','HUANUCO',16.00,'1'),('101103','CHACABAMBA','YAROWILCA','HUANUCO',16.00,'1'),('101104','APARICIO POMARES','YAROWILCA','HUANUCO',16.00,'1'),('101105','JACAS CHICO','YAROWILCA','HUANUCO',16.00,'1'),('101106','OBAS','YAROWILCA','HUANUCO',16.00,'1'),('101107','PAMPAMARCA','YAROWILCA','HUANUCO',16.00,'1'),('101108','CHORAS','YAROWILCA','HUANUCO',16.00,'1'),('110101','ICA','ICA','ICA',12.00,'1'),('110102','LA TINGUIÑA','ICA','ICA',12.00,'1'),('110103','LOS AQUIJES','ICA','ICA',12.00,'1'),('110104','OCUCAJE','ICA','ICA',12.00,'1'),('110105','PACHACUTEC','ICA','ICA',12.00,'1'),('110106','PARCONA','ICA','ICA',12.00,'1'),('110107','PUEBLO NUEVO','ICA','ICA',12.00,'1'),('110108','SALAS','ICA','ICA',12.00,'1'),('110109','SAN JOSE DE LOS MOLINOS','ICA','ICA',12.00,'1'),('110110','SAN JUAN BAUTISTA','ICA','ICA',12.00,'1'),('110111','SANTIAGO','ICA','ICA',12.00,'1'),('110112','SUBTANJALLA','ICA','ICA',12.00,'1'),('110113','TATE','ICA','ICA',12.00,'1'),('110114','YAUCA DEL ROSARIO','ICA','ICA',12.00,'1'),('110201','CHINCHA ALTA','CHINCHA','ICA',12.00,'1'),('110202','ALTO LARAN','CHINCHA','ICA',12.00,'1'),('110203','CHAVIN','CHINCHA','ICA',12.00,'1'),('110204','CHINCHA BAJA','CHINCHA','ICA',12.00,'1'),('110205','EL CARMEN','CHINCHA','ICA',12.00,'1'),('110206','GROCIO PRADO','CHINCHA','ICA',12.00,'1'),('110207','PUEBLO NUEVO','CHINCHA','ICA',12.00,'1'),('110208','SAN JUAN DE YANAC','CHINCHA','ICA',12.00,'1'),('110209','SAN PEDRO DE HUACARPANA','CHINCHA','ICA',12.00,'1'),('110210','SUNAMPE','CHINCHA','ICA',12.00,'1'),('110211','TAMBO DE MORA','CHINCHA','ICA',12.00,'1'),('110301','NAZCA','NAZCA','ICA',12.00,'1'),('110302','CHANGUILLO','NAZCA','ICA',12.00,'1'),('110303','EL INGENIO','NAZCA','ICA',12.00,'1'),('110304','MARCONA','NAZCA','ICA',12.00,'1'),('110305','VISTA ALEGRE','NAZCA','ICA',12.00,'1'),('110401','PALPA','PALPA','ICA',12.00,'1'),('110402','LLIPATA','PALPA','ICA',12.00,'1'),('110403','RIO GRANDE','PALPA','ICA',12.00,'1'),('110404','SANTA CRUZ','PALPA','ICA',12.00,'1'),('110405','TIBILLO','PALPA','ICA',12.00,'1'),('110501','PISCO','PISCO','ICA',12.00,'1'),('110502','HUANCANO','PISCO','ICA',12.00,'1'),('110503','HUMAY','PISCO','ICA',12.00,'1'),('110504','INDEPENDENCIA','PISCO','ICA',12.00,'1'),('110505','PARACAS','PISCO','ICA',12.00,'1'),('110506','SAN ANDRES','PISCO','ICA',12.00,'1'),('110507','SAN CLEMENTE','PISCO','ICA',12.00,'1'),('110508','TUPAC AMARU INCA','PISCO','ICA',12.00,'1'),('120101','HUANCAYO','HUANCAYO','JUNIN',18.00,'1'),('120104','CARHUACALLANGA','HUANCAYO','JUNIN',18.00,'1'),('120105','CHACAPAMPA','HUANCAYO','JUNIN',18.00,'1'),('120106','CHICCHE','HUANCAYO','JUNIN',18.00,'1'),('120107','CHILCA','HUANCAYO','JUNIN',18.00,'1'),('120108','CHONGOS ALTO','HUANCAYO','JUNIN',18.00,'1'),('120111','CHUPURO','HUANCAYO','JUNIN',18.00,'1'),('120112','COLCA','HUANCAYO','JUNIN',18.00,'1'),('120113','CULLHUAS','HUANCAYO','JUNIN',18.00,'1'),('120114','EL TAMBO','HUANCAYO','JUNIN',18.00,'1'),('120116','HUACRAPUQUIO','HUANCAYO','JUNIN',18.00,'1'),('120117','HUALHUAS','HUANCAYO','JUNIN',18.00,'1'),('120119','HUANCAN','HUANCAYO','JUNIN',18.00,'1'),('120120','HUASICANCHA','HUANCAYO','JUNIN',18.00,'1'),('120121','HUAYUCACHI','HUANCAYO','JUNIN',18.00,'1'),('120122','INGENIO','HUANCAYO','JUNIN',18.00,'1'),('120124','PARIAHUANCA','HUANCAYO','JUNIN',18.00,'1'),('120125','PILCOMAYO','HUANCAYO','JUNIN',18.00,'1'),('120126','PUCARA','HUANCAYO','JUNIN',18.00,'1'),('120127','QUICHUAY','HUANCAYO','JUNIN',18.00,'1'),('120128','QUILCAS','HUANCAYO','JUNIN',18.00,'1'),('120129','SAN AGUSTIN','HUANCAYO','JUNIN',18.00,'1'),('120130','SAN JERONIMO DE TUNAN','HUANCAYO','JUNIN',18.00,'1'),('120132','SAÑO','HUANCAYO','JUNIN',18.00,'1'),('120133','SAPALLANGA','HUANCAYO','JUNIN',18.00,'1'),('120134','SICAYA','HUANCAYO','JUNIN',18.00,'1'),('120135','SANTO DOMINGO DE ACOBAMBA','HUANCAYO','JUNIN',18.00,'1'),('120136','VIQUES','HUANCAYO','JUNIN',18.00,'1'),('120201','CONCEPCION','CONCEPCION','JUNIN',18.00,'1'),('120202','ACO','CONCEPCION','JUNIN',18.00,'1'),('120203','ANDAMARCA','CONCEPCION','JUNIN',18.00,'1'),('120204','CHAMBARA','CONCEPCION','JUNIN',18.00,'1'),('120205','COCHAS','CONCEPCION','JUNIN',18.00,'1'),('120206','COMAS','CONCEPCION','JUNIN',18.00,'1'),('120207','HEROINAS TOLEDO','CONCEPCION','JUNIN',18.00,'1'),('120208','MANZANARES','CONCEPCION','JUNIN',18.00,'1'),('120209','MARISCAL CASTILLA','CONCEPCION','JUNIN',18.00,'1'),('120210','MATAHUASI','CONCEPCION','JUNIN',18.00,'1'),('120211','MITO','CONCEPCION','JUNIN',18.00,'1'),('120212','NUEVE DE JULIO','CONCEPCION','JUNIN',18.00,'1'),('120213','ORCOTUNA','CONCEPCION','JUNIN',18.00,'1'),('120214','SAN JOSE DE QUERO','CONCEPCION','JUNIN',18.00,'1'),('120215','SANTA ROSA DE OCOPA','CONCEPCION','JUNIN',18.00,'1'),('120301','CHANCHAMAYO','CHANCHAMAYO','JUNIN',18.00,'1'),('120302','PERENE','CHANCHAMAYO','JUNIN',18.00,'1'),('120303','PICHANAQUI','CHANCHAMAYO','JUNIN',18.00,'1'),('120304','SAN LUIS DE SHUARO','CHANCHAMAYO','JUNIN',18.00,'1'),('120305','SAN RAMON','CHANCHAMAYO','JUNIN',18.00,'1'),('120306','VITOC','CHANCHAMAYO','JUNIN',18.00,'1'),('120401','JAUJA','JAUJA','JUNIN',18.00,'1'),('120402','ACOLLA','JAUJA','JUNIN',18.00,'1'),('120403','APATA','JAUJA','JUNIN',18.00,'1'),('120404','ATAURA','JAUJA','JUNIN',18.00,'1'),('120405','CANCHAYLLO','JAUJA','JUNIN',18.00,'1'),('120406','CURICACA','JAUJA','JUNIN',18.00,'1'),('120407','EL MANTARO','JAUJA','JUNIN',18.00,'1'),('120408','HUAMALI','JAUJA','JUNIN',18.00,'1'),('120409','HUARIPAMPA','JAUJA','JUNIN',18.00,'1'),('120410','HUERTAS','JAUJA','JUNIN',18.00,'1'),('120411','JANJAILLO','JAUJA','JUNIN',18.00,'1'),('120412','JULCAN','JAUJA','JUNIN',18.00,'1'),('120413','LEONOR ORDOÑEZ','JAUJA','JUNIN',18.00,'1'),('120414','LLOCLLAPAMPA','JAUJA','JUNIN',18.00,'1'),('120415','MARCO','JAUJA','JUNIN',18.00,'1'),('120416','MASMA','JAUJA','JUNIN',18.00,'1'),('120417','MASMA CHICCHE','JAUJA','JUNIN',18.00,'1'),('120418','MOLINOS','JAUJA','JUNIN',18.00,'1'),('120419','MONOBAMBA','JAUJA','JUNIN',18.00,'1'),('120420','MUQUI','JAUJA','JUNIN',18.00,'1'),('120421','MUQUIYAUYO','JAUJA','JUNIN',18.00,'1'),('120422','PACA','JAUJA','JUNIN',18.00,'1'),('120423','PACCHA','JAUJA','JUNIN',18.00,'1'),('120424','PANCAN','JAUJA','JUNIN',18.00,'1'),('120425','PARCO','JAUJA','JUNIN',18.00,'1'),('120426','POMACANCHA','JAUJA','JUNIN',18.00,'1'),('120427','RICRAN','JAUJA','JUNIN',18.00,'1'),('120428','SAN LORENZO','JAUJA','JUNIN',18.00,'1'),('120429','SAN PEDRO DE CHUNAN','JAUJA','JUNIN',18.00,'1'),('120430','SAUSA','JAUJA','JUNIN',18.00,'1'),('120431','SINCOS','JAUJA','JUNIN',18.00,'1'),('120432','TUNAN MARCA','JAUJA','JUNIN',18.00,'1'),('120433','YAULI','JAUJA','JUNIN',18.00,'1'),('120434','YAUYOS','JAUJA','JUNIN',18.00,'1'),('120501','JUNIN','JUNIN','JUNIN',18.00,'1'),('120502','CARHUAMAYO','JUNIN','JUNIN',18.00,'1'),('120503','ONDORES','JUNIN','JUNIN',18.00,'1'),('120504','ULCUMAYO','JUNIN','JUNIN',18.00,'1'),('120601','SATIPO','SATIPO','JUNIN',18.00,'1'),('120602','COVIRIALI','SATIPO','JUNIN',18.00,'1'),('120603','LLAYLLA','SATIPO','JUNIN',18.00,'1'),('120604','MAZAMARI','SATIPO','JUNIN',18.00,'1'),('120605','PAMPA HERMOSA','SATIPO','JUNIN',18.00,'1'),('120606','PANGOA','SATIPO','JUNIN',18.00,'1'),('120607','RIO NEGRO','SATIPO','JUNIN',18.00,'1'),('120608','RIO TAMBO','SATIPO','JUNIN',18.00,'1'),('120701','TARMA','TARMA','JUNIN',18.00,'1'),('120702','ACOBAMBA','TARMA','JUNIN',18.00,'1'),('120703','HUARICOLCA','TARMA','JUNIN',18.00,'1'),('120704','HUASAHUASI','TARMA','JUNIN',18.00,'1'),('120705','LA UNION','TARMA','JUNIN',18.00,'1'),('120706','PALCA','TARMA','JUNIN',18.00,'1'),('120707','PALCAMAYO','TARMA','JUNIN',18.00,'1'),('120708','SAN PEDRO DE CAJAS','TARMA','JUNIN',18.00,'1'),('120709','TAPO','TARMA','JUNIN',18.00,'1'),('120801','LA OROYA','YAULI','JUNIN',18.00,'1'),('120802','CHACAPALPA','YAULI','JUNIN',18.00,'1'),('120803','HUAY-HUAY','YAULI','JUNIN',18.00,'1'),('120804','MARCAPOMACOCHA','YAULI','JUNIN',18.00,'1'),('120805','MOROCOCHA','YAULI','JUNIN',18.00,'1'),('120806','PACCHA','YAULI','JUNIN',18.00,'1'),('120807','SANTA BARBARA DE CARHUACAYAN','YAULI','JUNIN',18.00,'1'),('120808','SANTA ROSA DE SACCO','YAULI','JUNIN',18.00,'1'),('120809','SUITUCANCHA','YAULI','JUNIN',18.00,'1'),('120810','YAULI','YAULI','JUNIN',18.00,'1'),('120901','CHUPACA','CHUPACA','JUNIN',18.00,'1'),('120902','AHUAC','CHUPACA','JUNIN',18.00,'1'),('120903','CHONGOS BAJO','CHUPACA','JUNIN',18.00,'1'),('120904','HUACHAC','CHUPACA','JUNIN',18.00,'1'),('120905','HUAMANCACA CHICO','CHUPACA','JUNIN',18.00,'1'),('120906','SAN JUAN DE YSCOS','CHUPACA','JUNIN',18.00,'1'),('120907','SAN JUAN DE JARPA','CHUPACA','JUNIN',18.00,'1'),('120908','TRES DE DICIEMBRE','CHUPACA','JUNIN',18.00,'1'),('120909','YANACANCHA','CHUPACA','JUNIN',18.00,'1'),('130101','TRUJILLO','TRUJILLO','LA LIBERTAD',17.00,'1'),('130102','EL PORVENIR','TRUJILLO','LA LIBERTAD',17.00,'1'),('130103','FLORENCIA DE MORA','TRUJILLO','LA LIBERTAD',17.00,'1'),('130104','HUANCHACO','TRUJILLO','LA LIBERTAD',17.00,'1'),('130105','LA ESPERANZA','TRUJILLO','LA LIBERTAD',17.00,'1'),('130106','LAREDO','TRUJILLO','LA LIBERTAD',17.00,'1'),('130107','MOCHE','TRUJILLO','LA LIBERTAD',17.00,'1'),('130108','POROTO','TRUJILLO','LA LIBERTAD',17.00,'1'),('130109','SALAVERRY','TRUJILLO','LA LIBERTAD',17.00,'1'),('130110','SIMBAL','TRUJILLO','LA LIBERTAD',17.00,'1'),('130111','VICTOR LARCO HERRERA','TRUJILLO','LA LIBERTAD',17.00,'1'),('130201','ASCOPE','ASCOPE','LA LIBERTAD',17.00,'1'),('130202','CHICAMA','ASCOPE','LA LIBERTAD',17.00,'1'),('130203','CHOCOPE','ASCOPE','LA LIBERTAD',17.00,'1'),('130204','MAGDALENA DE CAO','ASCOPE','LA LIBERTAD',17.00,'1'),('130205','PAIJAN','ASCOPE','LA LIBERTAD',17.00,'1'),('130206','RAZURI','ASCOPE','LA LIBERTAD',17.00,'1'),('130207','SANTIAGO DE CAO','ASCOPE','LA LIBERTAD',17.00,'1'),('130208','CASA GRANDE','ASCOPE','LA LIBERTAD',17.00,'1'),('130301','BOLIVAR','BOLIVAR','LA LIBERTAD',17.00,'1'),('130302','BAMBAMARCA','BOLIVAR','LA LIBERTAD',17.00,'1'),('130303','CONDORMARCA','BOLIVAR','LA LIBERTAD',17.00,'1'),('130304','LONGOTEA','BOLIVAR','LA LIBERTAD',17.00,'1'),('130305','UCHUMARCA','BOLIVAR','LA LIBERTAD',17.00,'1'),('130306','UCUNCHA','BOLIVAR','LA LIBERTAD',17.00,'1'),('130401','CHEPEN','CHEPEN','LA LIBERTAD',17.00,'1'),('130402','PACANGA','CHEPEN','LA LIBERTAD',17.00,'1'),('130403','PUEBLO NUEVO','CHEPEN','LA LIBERTAD',17.00,'1'),('130501','JULCAN','JULCAN','LA LIBERTAD',17.00,'1'),('130502','CALAMARCA','JULCAN','LA LIBERTAD',17.00,'1'),('130503','CARABAMBA','JULCAN','LA LIBERTAD',17.00,'1'),('130504','HUASO','JULCAN','LA LIBERTAD',17.00,'1'),('130601','OTUZCO','OTUZCO','LA LIBERTAD',17.00,'1'),('130602','AGALLPAMPA','OTUZCO','LA LIBERTAD',17.00,'1'),('130604','CHARAT','OTUZCO','LA LIBERTAD',17.00,'1'),('130605','HUARANCHAL','OTUZCO','LA LIBERTAD',17.00,'1'),('130606','LA CUESTA','OTUZCO','LA LIBERTAD',17.00,'1'),('130608','MACHE','OTUZCO','LA LIBERTAD',17.00,'1'),('130610','PARANDAY','OTUZCO','LA LIBERTAD',17.00,'1'),('130611','SALPO','OTUZCO','LA LIBERTAD',17.00,'1'),('130613','SINSICAP','OTUZCO','LA LIBERTAD',17.00,'1'),('130614','USQUIL','OTUZCO','LA LIBERTAD',17.00,'1'),('130701','SAN PEDRO DE LLOC','PACASMAYO','LA LIBERTAD',17.00,'1'),('130702','GUADALUPE','PACASMAYO','LA LIBERTAD',17.00,'1'),('130703','JEQUETEPEQUE','PACASMAYO','LA LIBERTAD',17.00,'1'),('130704','PACASMAYO','PACASMAYO','LA LIBERTAD',17.00,'1'),('130705','SAN JOSE','PACASMAYO','LA LIBERTAD',17.00,'1'),('130801','TAYABAMBA','PATAZ','LA LIBERTAD',17.00,'1'),('130802','BULDIBUYO','PATAZ','LA LIBERTAD',17.00,'1'),('130803','CHILLIA','PATAZ','LA LIBERTAD',17.00,'1'),('130804','HUANCASPATA','PATAZ','LA LIBERTAD',17.00,'1'),('130805','HUAYLILLAS','PATAZ','LA LIBERTAD',17.00,'1'),('130806','HUAYO','PATAZ','LA LIBERTAD',17.00,'1'),('130807','ONGON','PATAZ','LA LIBERTAD',17.00,'1'),('130808','PARCOY','PATAZ','LA LIBERTAD',17.00,'1'),('130809','PATAZ','PATAZ','LA LIBERTAD',17.00,'1'),('130810','PIAS','PATAZ','LA LIBERTAD',17.00,'1'),('130811','SANTIAGO DE CHALLAS','PATAZ','LA LIBERTAD',17.00,'1'),('130812','TAURIJA','PATAZ','LA LIBERTAD',17.00,'1'),('130813','URPAY','PATAZ','LA LIBERTAD',17.00,'1'),('130901','HUAMACHUCO','SANCHEZ CARRION','LA LIBERTAD',17.00,'1'),('130902','CHUGAY','SANCHEZ CARRION','LA LIBERTAD',17.00,'1'),('130903','COCHORCO','SANCHEZ CARRION','LA LIBERTAD',17.00,'1'),('130904','CURGOS','SANCHEZ CARRION','LA LIBERTAD',17.00,'1'),('130905','MARCABAL','SANCHEZ CARRION','LA LIBERTAD',17.00,'1'),('130906','SANAGORAN','SANCHEZ CARRION','LA LIBERTAD',17.00,'1'),('130907','SARIN','SANCHEZ CARRION','LA LIBERTAD',17.00,'1'),('130908','SARTIMBAMBA','SANCHEZ CARRION','LA LIBERTAD',17.00,'1'),('131001','SANTIAGO DE CHUCO','SANTIAGO DE CHUCO','LA LIBERTAD',17.00,'1'),('131002','ANGASMARCA','SANTIAGO DE CHUCO','LA LIBERTAD',17.00,'1'),('131003','CACHICADAN','SANTIAGO DE CHUCO','LA LIBERTAD',17.00,'1'),('131004','MOLLEBAMBA','SANTIAGO DE CHUCO','LA LIBERTAD',17.00,'1'),('131005','MOLLEPATA','SANTIAGO DE CHUCO','LA LIBERTAD',17.00,'1'),('131006','QUIRUVILCA','SANTIAGO DE CHUCO','LA LIBERTAD',17.00,'1'),('131007','SANTA CRUZ DE CHUCA','SANTIAGO DE CHUCO','LA LIBERTAD',17.00,'1'),('131008','SITABAMBA','SANTIAGO DE CHUCO','LA LIBERTAD',17.00,'1'),('131101','CASCAS','GRAN CHIMU','LA LIBERTAD',17.00,'1'),('131102','LUCMA','GRAN CHIMU','LA LIBERTAD',17.00,'1'),('131103','COMPIN','GRAN CHIMU','LA LIBERTAD',17.00,'1'),('131104','SAYAPULLO','GRAN CHIMU','LA LIBERTAD',17.00,'1'),('131201','VIRU','VIRU','LA LIBERTAD',17.00,'1'),('131202','CHAO','VIRU','LA LIBERTAD',17.00,'1'),('131203','GUADALUPITO','VIRU','LA LIBERTAD',17.00,'1'),('140101','CHICLAYO','CHICLAYO','LAMBAYEQUE',19.00,'1'),('140102','CHONGOYAPE','CHICLAYO','LAMBAYEQUE',19.00,'1'),('140103','ETEN','CHICLAYO','LAMBAYEQUE',19.00,'1'),('140104','ETEN PUERTO','CHICLAYO','LAMBAYEQUE',19.00,'1'),('140105','JOSE LEONARDO ORTIZ','CHICLAYO','LAMBAYEQUE',19.00,'1'),('140106','LA VICTORIA','CHICLAYO','LAMBAYEQUE',19.00,'1'),('140107','LAGUNAS','CHICLAYO','LAMBAYEQUE',19.00,'1'),('140108','MONSEFU','CHICLAYO','LAMBAYEQUE',19.00,'1'),('140109','NUEVA ARICA','CHICLAYO','LAMBAYEQUE',19.00,'1'),('140110','OYOTUN','CHICLAYO','LAMBAYEQUE',19.00,'1'),('140111','PICSI','CHICLAYO','LAMBAYEQUE',19.00,'1'),('140112','PIMENTEL','CHICLAYO','LAMBAYEQUE',19.00,'1'),('140113','REQUE','CHICLAYO','LAMBAYEQUE',19.00,'1'),('140114','SANTA ROSA','CHICLAYO','LAMBAYEQUE',19.00,'1'),('140115','SAÑA','CHICLAYO','LAMBAYEQUE',19.00,'1'),('140116','CAYALTI','CHICLAYO','LAMBAYEQUE',19.00,'1'),('140117','PATAPO','CHICLAYO','LAMBAYEQUE',19.00,'1'),('140118','POMALCA','CHICLAYO','LAMBAYEQUE',19.00,'1'),('140119','PUCALA','CHICLAYO','LAMBAYEQUE',19.00,'1'),('140120','TUMAN','CHICLAYO','LAMBAYEQUE',19.00,'1'),('140201','FERREÑAFE','FERREÑAFE','LAMBAYEQUE',19.00,'1'),('140202','CAÑARIS','FERREÑAFE','LAMBAYEQUE',19.00,'1'),('140203','INCAHUASI','FERREÑAFE','LAMBAYEQUE',19.00,'1'),('140204','MANUEL ANTONIO MESONES MURO','FERREÑAFE','LAMBAYEQUE',19.00,'1'),('140205','PITIPO','FERREÑAFE','LAMBAYEQUE',19.00,'1'),('140206','PUEBLO NUEVO','FERREÑAFE','LAMBAYEQUE',19.00,'1'),('140301','LAMBAYEQUE','LAMBAYEQUE','LAMBAYEQUE',19.00,'1'),('140302','CHOCHOPE','LAMBAYEQUE','LAMBAYEQUE',19.00,'1'),('140303','ILLIMO','LAMBAYEQUE','LAMBAYEQUE',19.00,'1'),('140304','JAYANCA','LAMBAYEQUE','LAMBAYEQUE',19.00,'1'),('140305','MOCHUMI','LAMBAYEQUE','LAMBAYEQUE',19.00,'1'),('140306','MORROPE','LAMBAYEQUE','LAMBAYEQUE',19.00,'1'),('140307','MOTUPE','LAMBAYEQUE','LAMBAYEQUE',19.00,'1'),('140308','OLMOS','LAMBAYEQUE','LAMBAYEQUE',19.00,'1'),('140309','PACORA','LAMBAYEQUE','LAMBAYEQUE',19.00,'1'),('140310','SALAS','LAMBAYEQUE','LAMBAYEQUE',19.00,'1'),('140311','SAN JOSE','LAMBAYEQUE','LAMBAYEQUE',19.00,'1'),('140312','TUCUME','LAMBAYEQUE','LAMBAYEQUE',19.00,'1'),('150101','LIMA','LIMA','LIMA',12.00,'1'),('150102','ANCON','LIMA','LIMA',14.00,'1'),('150103','ATE','LIMA','LIMA',9.00,'1'),('150104','BARRANCO','LIMA','LIMA',15.00,'1'),('150105','BREÑA','LIMA','LIMA',9.00,'1'),('150106','CARABAYLLO','LIMA','LIMA',15.00,'1'),('150107','CHACLACAYO','LIMA','LIMA',13.00,'1'),('150108','CHORRILLOS','LIMA','LIMA',11.00,'1'),('150109','CIENEGUILLA','LIMA','LIMA',9.00,'1'),('150110','COMAS','LIMA','LIMA',11.00,'1'),('150111','EL AGUSTINO','LIMA','LIMA',10.00,'1'),('150112','INDEPENDENCIA','LIMA','LIMA',9.00,'1'),('150113','JESUS MARIA','LIMA','LIMA',14.00,'1'),('150114','LA MOLINA','LIMA','LIMA',12.00,'1'),('150115','LA VICTORIA','LIMA','LIMA',14.00,'1'),('150116','LINCE','LIMA','LIMA',14.00,'1'),('150117','LOS OLIVOS','LIMA','LIMA',12.00,'1'),('150118','LURIGANCHO','LIMA','LIMA',13.00,'1'),('150119','LURIN','LIMA','LIMA',12.00,'1'),('150120','MAGDALENA DEL MAR','LIMA','LIMA',12.00,'1'),('150121','PUEBLO LIBRE','LIMA','LIMA',11.00,'1'),('150122','MIRAFLORES','LIMA','LIMA',12.00,'1'),('150123','PACHACAMAC','LIMA','LIMA',12.00,'1'),('150124','PUCUSANA','LIMA','LIMA',14.00,'1'),('150125','PUENTE PIEDRA','LIMA','LIMA',9.00,'1'),('150126','PUNTA HERMOSA','LIMA','LIMA',9.00,'1'),('150127','PUNTA NEGRA','LIMA','LIMA',10.00,'1'),('150128','RIMAC','LIMA','LIMA',11.00,'1'),('150129','SAN BARTOLO','LIMA','LIMA',11.00,'1'),('150130','SAN BORJA','LIMA','LIMA',12.00,'1'),('150131','SAN ISIDRO','LIMA','LIMA',15.00,'1'),('150132','SAN JUAN DE LURIGANCHO','LIMA','LIMA',11.00,'1'),('150133','SAN JUAN DE MIRAFLORES','LIMA','LIMA',14.00,'1'),('150134','SAN LUIS','LIMA','LIMA',9.00,'1'),('150135','SAN MARTIN DE PORRES','LIMA','LIMA',9.00,'1'),('150136','SAN MIGUEL','LIMA','LIMA',9.00,'1'),('150137','SANTA ANITA','LIMA','LIMA',12.00,'1'),('150138','SANTA MARIA DEL MAR','LIMA','LIMA',9.00,'1'),('150139','SANTA ROSA','LIMA','LIMA',9.00,'1'),('150140','SANTIAGO DE SURCO','LIMA','LIMA',9.00,'1'),('150141','SURQUILLO','LIMA','LIMA',15.00,'1'),('150142','VILLA EL SALVADOR','LIMA','LIMA',14.00,'1'),('150143','VILLA MARIA DEL TRIUNFO','LIMA','LIMA',12.00,'1'),('150201','BARRANCA','BARRANCA','LIMA',10.00,'1'),('150202','PARAMONGA','BARRANCA','LIMA',9.00,'1'),('150203','PATIVILCA','BARRANCA','LIMA',14.00,'1'),('150204','SUPE','BARRANCA','LIMA',9.00,'1'),('150205','SUPE PUERTO','BARRANCA','LIMA',12.00,'1'),('150301','CAJATAMBO','CAJATAMBO','LIMA',10.00,'1'),('150302','COPA','CAJATAMBO','LIMA',11.00,'1'),('150303','GORGOR','CAJATAMBO','LIMA',13.00,'1'),('150304','HUANCAPON','CAJATAMBO','LIMA',14.00,'1'),('150305','MANAS','CAJATAMBO','LIMA',13.00,'1'),('150401','CANTA','CANTA','LIMA',11.00,'1'),('150402','ARAHUAY','CANTA','LIMA',12.00,'1'),('150403','HUAMANTANGA','CANTA','LIMA',10.00,'1'),('150404','HUAROS','CANTA','LIMA',11.00,'1'),('150405','LACHAQUI','CANTA','LIMA',10.00,'1'),('150406','SAN BUENAVENTURA','CANTA','LIMA',13.00,'1'),('150407','SANTA ROSA DE QUIVES','CANTA','LIMA',10.00,'1'),('150501','SAN VICENTE DE CAÑETE','CAÑETE','LIMA',11.00,'1'),('150502','ASIA','CAÑETE','LIMA',13.00,'1'),('150503','CALANGO','CAÑETE','LIMA',15.00,'1'),('150504','CERRO AZUL','CAÑETE','LIMA',11.00,'1'),('150505','CHILCA','CAÑETE','LIMA',10.00,'1'),('150506','COAYLLO','CAÑETE','LIMA',9.00,'1'),('150507','IMPERIAL','CAÑETE','LIMA',9.00,'1'),('150508','LUNAHUANA','CAÑETE','LIMA',10.00,'1'),('150509','MALA','CAÑETE','LIMA',10.00,'1'),('150510','NUEVO IMPERIAL','CAÑETE','LIMA',14.00,'1'),('150511','PACARAN','CAÑETE','LIMA',12.00,'1'),('150512','QUILMANA','CAÑETE','LIMA',13.00,'1'),('150513','SAN ANTONIO','CAÑETE','LIMA',12.00,'1'),('150514','SAN LUIS','CAÑETE','LIMA',14.00,'1'),('150515','SANTA CRUZ DE FLORES','CAÑETE','LIMA',14.00,'1'),('150516','ZUÑIGA','CAÑETE','LIMA',10.00,'1'),('150601','HUARAL','HUARAL','LIMA',11.00,'1'),('150602','ATAVILLOS ALTO','HUARAL','LIMA',10.00,'1'),('150603','ATAVILLOS BAJO','HUARAL','LIMA',9.00,'1'),('150604','AUCALLAMA','HUARAL','LIMA',11.00,'1'),('150605','CHANCAY','HUARAL','LIMA',11.00,'1'),('150606','IHUARI','HUARAL','LIMA',13.00,'1'),('150607','LAMPIAN','HUARAL','LIMA',10.00,'1'),('150608','PACARAOS','HUARAL','LIMA',12.00,'1'),('150609','SAN MIGUEL DE ACOS','HUARAL','LIMA',14.00,'1'),('150610','SANTA CRUZ DE ANDAMARCA','HUARAL','LIMA',10.00,'1'),('150611','SUMBILCA','HUARAL','LIMA',11.00,'1'),('150612','VEINTISIETE DE NOVIEMBRE','HUARAL','LIMA',9.00,'1'),('150701','MATUCANA','HUAROCHIRI','LIMA',14.00,'1'),('150702','ANTIOQUIA','HUAROCHIRI','LIMA',12.00,'1'),('150703','CALLAHUANCA','HUAROCHIRI','LIMA',10.00,'1'),('150704','CARAMPOMA','HUAROCHIRI','LIMA',12.00,'1'),('150705','CHICLA','HUAROCHIRI','LIMA',14.00,'1'),('150706','CUENCA','HUAROCHIRI','LIMA',13.00,'1'),('150707','HUACHUPAMPA','HUAROCHIRI','LIMA',11.00,'1'),('150708','HUANZA','HUAROCHIRI','LIMA',12.00,'1'),('150709','HUAROCHIRI','HUAROCHIRI','LIMA',9.00,'1'),('150710','LAHUAYTAMBO','HUAROCHIRI','LIMA',11.00,'1'),('150711','LANGA','HUAROCHIRI','LIMA',10.00,'1'),('150712','LARAOS','HUAROCHIRI','LIMA',14.00,'1'),('150713','MARIATANA','HUAROCHIRI','LIMA',14.00,'1'),('150714','RICARDO PALMA','HUAROCHIRI','LIMA',15.00,'1'),('150715','SAN ANDRES DE TUPICOCHA','HUAROCHIRI','LIMA',10.00,'1'),('150716','SAN ANTONIO','HUAROCHIRI','LIMA',9.00,'1'),('150717','SAN BARTOLOME','HUAROCHIRI','LIMA',13.00,'1'),('150718','SAN DAMIAN','HUAROCHIRI','LIMA',13.00,'1'),('150719','SAN JUAN DE IRIS','HUAROCHIRI','LIMA',11.00,'1'),('150720','SAN JUAN DE TANTARANCHE','HUAROCHIRI','LIMA',10.00,'1'),('150721','SAN LORENZO DE QUINTI','HUAROCHIRI','LIMA',13.00,'1'),('150722','SAN MATEO','HUAROCHIRI','LIMA',13.00,'1'),('150723','SAN MATEO DE OTAO','HUAROCHIRI','LIMA',10.00,'1'),('150724','SAN PEDRO DE CASTA','HUAROCHIRI','LIMA',10.00,'1'),('150725','SAN PEDRO DE HUANCAYRE','HUAROCHIRI','LIMA',11.00,'1'),('150726','SANGALLAYA','HUAROCHIRI','LIMA',9.00,'1'),('150727','SANTA CRUZ DE COCACHACRA','HUAROCHIRI','LIMA',10.00,'1'),('150728','SANTA EULALIA','HUAROCHIRI','LIMA',13.00,'1'),('150729','SANTIAGO DE ANCHUCAYA','HUAROCHIRI','LIMA',9.00,'1'),('150730','SANTIAGO DE TUNA','HUAROCHIRI','LIMA',13.00,'1'),('150731','SANTO DOMINGO DE LOS OLLEROS','HUAROCHIRI','LIMA',12.00,'1'),('150732','SURCO','HUAROCHIRI','LIMA',15.00,'1'),('150801','HUACHO','HUAURA','LIMA',12.00,'1'),('150802','AMBAR','HUAURA','LIMA',14.00,'1'),('150803','CALETA DE CARQUIN','HUAURA','LIMA',11.00,'1'),('150804','CHECRAS','HUAURA','LIMA',10.00,'1'),('150805','HUALMAY','HUAURA','LIMA',11.00,'1'),('150806','HUAURA','HUAURA','LIMA',10.00,'1'),('150807','LEONCIO PRADO','HUAURA','LIMA',10.00,'1'),('150808','PACCHO','HUAURA','LIMA',11.00,'1'),('150809','SANTA LEONOR','HUAURA','LIMA',9.00,'1'),('150810','SANTA MARIA','HUAURA','LIMA',9.00,'1'),('150811','SAYAN','HUAURA','LIMA',12.00,'1'),('150812','VEGUETA','HUAURA','LIMA',11.00,'1'),('150901','OYON','OYON','LIMA',11.00,'1'),('150902','ANDAJES','OYON','LIMA',10.00,'1'),('150903','CAUJUL','OYON','LIMA',15.00,'1'),('150904','COCHAMARCA','OYON','LIMA',13.00,'1'),('150905','NAVAN','OYON','LIMA',9.00,'1'),('150906','PACHANGARA','OYON','LIMA',13.00,'1'),('151001','YAUYOS','YAUYOS','LIMA',10.00,'1'),('151002','ALIS','YAUYOS','LIMA',9.00,'1'),('151003','AYAUCA','YAUYOS','LIMA',9.00,'1'),('151004','AYAVIRI','YAUYOS','LIMA',15.00,'1'),('151005','AZANGARO','YAUYOS','LIMA',15.00,'1'),('151006','CACRA','YAUYOS','LIMA',11.00,'1'),('151007','CARANIA','YAUYOS','LIMA',13.00,'1'),('151008','CATAHUASI','YAUYOS','LIMA',14.00,'1'),('151009','CHOCOS','YAUYOS','LIMA',15.00,'1'),('151010','COCHAS','YAUYOS','LIMA',13.00,'1'),('151011','COLONIA','YAUYOS','LIMA',9.00,'1'),('151012','HONGOS','YAUYOS','LIMA',12.00,'1'),('151013','HUAMPARA','YAUYOS','LIMA',10.00,'1'),('151014','HUANCAYA','YAUYOS','LIMA',9.00,'1'),('151015','HUANGASCAR','YAUYOS','LIMA',15.00,'1'),('151016','HUANTAN','YAUYOS','LIMA',12.00,'1'),('151017','HUAÑEC','YAUYOS','LIMA',14.00,'1'),('151018','LARAOS','YAUYOS','LIMA',15.00,'1'),('151019','LINCHA','YAUYOS','LIMA',15.00,'1'),('151020','MADEAN','YAUYOS','LIMA',12.00,'1'),('151021','MIRAFLORES','YAUYOS','LIMA',14.00,'1'),('151022','OMAS','YAUYOS','LIMA',12.00,'1'),('151023','PUTINZA','YAUYOS','LIMA',11.00,'1'),('151024','QUINCHES','YAUYOS','LIMA',15.00,'1'),('151025','QUINOCAY','YAUYOS','LIMA',9.00,'1'),('151026','SAN JOAQUIN','YAUYOS','LIMA',9.00,'1'),('151027','SAN PEDRO DE PILAS','YAUYOS','LIMA',14.00,'1'),('151028','TANTA','YAUYOS','LIMA',14.00,'1'),('151029','TAURIPAMPA','YAUYOS','LIMA',10.00,'1'),('151030','TOMAS','YAUYOS','LIMA',13.00,'1'),('151031','TUPE','YAUYOS','LIMA',9.00,'1'),('151032','VIÑAC','YAUYOS','LIMA',13.00,'1'),('151033','VITIS','YAUYOS','LIMA',11.00,'1'),('160101','IQUITOS','MAYNAS','LORETO',24.00,'1'),('160102','ALTO NANAY','MAYNAS','LORETO',24.00,'1'),('160103','FERNANDO LORES','MAYNAS','LORETO',24.00,'1'),('160104','INDIANA','MAYNAS','LORETO',24.00,'1'),('160105','LAS AMAZONAS','MAYNAS','LORETO',24.00,'1'),('160106','MAZAN','MAYNAS','LORETO',24.00,'1'),('160107','NAPO','MAYNAS','LORETO',24.00,'1'),('160108','PUNCHANA','MAYNAS','LORETO',24.00,'1'),('160109','PUTUMAYO','MAYNAS','LORETO',24.00,'1'),('160110','TORRES CAUSANA','MAYNAS','LORETO',24.00,'1'),('160112','BELEN','MAYNAS','LORETO',24.00,'1'),('160113','SAN JUAN BAUTISTA','MAYNAS','LORETO',24.00,'1'),('160114','TENIENTE MANUEL CLAVERO','MAYNAS','LORETO',24.00,'1'),('160201','YURIMAGUAS','ALTO AMAZONAS','LORETO',24.00,'1'),('160202','BALSAPUERTO','ALTO AMAZONAS','LORETO',24.00,'1'),('160205','JEBEROS','ALTO AMAZONAS','LORETO',24.00,'1'),('160206','LAGUNAS','ALTO AMAZONAS','LORETO',24.00,'1'),('160210','SANTA CRUZ','ALTO AMAZONAS','LORETO',24.00,'1'),('160211','TENIENTE CESAR LOPEZ ROJAS','ALTO AMAZONAS','LORETO',24.00,'1'),('160301','NAUTA','LORETO','LORETO',24.00,'1'),('160302','PARINARI','LORETO','LORETO',24.00,'1'),('160303','TIGRE','LORETO','LORETO',24.00,'1'),('160304','TROMPETEROS','LORETO','LORETO',24.00,'1'),('160305','URARINAS','LORETO','LORETO',24.00,'1'),('160401','RAMON CASTILLA','MARISCAL RAMON CASTILLA','LORETO',24.00,'1'),('160402','PEBAS','MARISCAL RAMON CASTILLA','LORETO',24.00,'1'),('160403','YAVARI','MARISCAL RAMON CASTILLA','LORETO',24.00,'1'),('160404','SAN PABLO','MARISCAL RAMON CASTILLA','LORETO',24.00,'1'),('160501','REQUENA','REQUENA','LORETO',24.00,'1'),('160502','ALTO TAPICHE','REQUENA','LORETO',24.00,'1'),('160503','CAPELO','REQUENA','LORETO',24.00,'1'),('160504','EMILIO SAN MARTIN','REQUENA','LORETO',24.00,'1'),('160505','MAQUIA','REQUENA','LORETO',24.00,'1'),('160506','PUINAHUA','REQUENA','LORETO',24.00,'1'),('160507','SAQUENA','REQUENA','LORETO',24.00,'1'),('160508','SOPLIN','REQUENA','LORETO',24.00,'1'),('160509','TAPICHE','REQUENA','LORETO',24.00,'1'),('160510','JENARO HERRERA','REQUENA','LORETO',24.00,'1'),('160511','YAQUERANA','REQUENA','LORETO',24.00,'1'),('160601','CONTAMANA','UCAYALI','LORETO',24.00,'1'),('160602','INAHUAYA','UCAYALI','LORETO',24.00,'1'),('160603','PADRE MARQUEZ','UCAYALI','LORETO',24.00,'1'),('160604','PAMPA HERMOSA','UCAYALI','LORETO',24.00,'1'),('160605','SARAYACU','UCAYALI','LORETO',24.00,'1'),('160606','VARGAS GUERRA','UCAYALI','LORETO',24.00,'1'),('160701','BARRANCA','DATEM DEL MARAÑON','LORETO',24.00,'1'),('160702','CAHUAPANAS','DATEM DEL MARAÑON','LORETO',24.00,'1'),('160703','MANSERICHE','DATEM DEL MARAÑON','LORETO',24.00,'1'),('160704','MORONA','DATEM DEL MARAÑON','LORETO',24.00,'1'),('160705','PASTAZA','DATEM DEL MARAÑON','LORETO',24.00,'1'),('160706','ANDOAS','DATEM DEL MARAÑON','LORETO',24.00,'1'),('170101','TAMBOPATA','TAMBOPATA','MADRE DE DIOS',20.00,'1'),('170102','INAMBARI','TAMBOPATA','MADRE DE DIOS',20.00,'1'),('170103','LAS PIEDRAS','TAMBOPATA','MADRE DE DIOS',20.00,'1'),('170104','LABERINTO','TAMBOPATA','MADRE DE DIOS',20.00,'1'),('170201','MANU','MANU','MADRE DE DIOS',20.00,'1'),('170202','FITZCARRALD','MANU','MADRE DE DIOS',20.00,'1'),('170203','MADRE DE DIOS','MANU','MADRE DE DIOS',20.00,'1'),('170204','HUEPETUHE','MANU','MADRE DE DIOS',20.00,'1'),('170301','IÑAPARI','TAHUAMANU','MADRE DE DIOS',20.00,'1'),('170302','IBERIA','TAHUAMANU','MADRE DE DIOS',20.00,'1'),('170303','TAHUAMANU','TAHUAMANU','MADRE DE DIOS',20.00,'1'),('180101','MOQUEGUA','MARISCAL NIETO','MOQUEGUA',18.00,'1'),('180102','CARUMAS','MARISCAL NIETO','MOQUEGUA',18.00,'1'),('180103','CUCHUMBAYA','MARISCAL NIETO','MOQUEGUA',18.00,'1'),('180104','SAMEGUA','MARISCAL NIETO','MOQUEGUA',18.00,'1'),('180105','SAN CRISTOBAL','MARISCAL NIETO','MOQUEGUA',18.00,'1'),('180106','TORATA','MARISCAL NIETO','MOQUEGUA',18.00,'1'),('180201','OMATE','GENERAL SANCHEZ CERRO','MOQUEGUA',18.00,'1'),('180202','CHOJATA','GENERAL SANCHEZ CERRO','MOQUEGUA',18.00,'1'),('180203','COALAQUE','GENERAL SANCHEZ CERRO','MOQUEGUA',18.00,'1'),('180204','ICHUÑA','GENERAL SANCHEZ CERRO','MOQUEGUA',18.00,'1'),('180205','LA CAPILLA','GENERAL SANCHEZ CERRO','MOQUEGUA',18.00,'1'),('180206','LLOQUE','GENERAL SANCHEZ CERRO','MOQUEGUA',18.00,'1'),('180207','MATALAQUE','GENERAL SANCHEZ CERRO','MOQUEGUA',18.00,'1'),('180208','PUQUINA','GENERAL SANCHEZ CERRO','MOQUEGUA',18.00,'1'),('180209','QUINISTAQUILLAS','GENERAL SANCHEZ CERRO','MOQUEGUA',18.00,'1'),('180210','UBINAS','GENERAL SANCHEZ CERRO','MOQUEGUA',18.00,'1'),('180211','YUNGA','GENERAL SANCHEZ CERRO','MOQUEGUA',18.00,'1'),('180301','ILO','ILO','MOQUEGUA',18.00,'1'),('180302','EL ALGARROBAL','ILO','MOQUEGUA',18.00,'1'),('180303','PACOCHA','ILO','MOQUEGUA',18.00,'1'),('190101','CHAUPIMARCA','PASCO','PASCO',20.00,'1'),('190102','HUACHON','PASCO','PASCO',20.00,'1'),('190103','HUARIACA','PASCO','PASCO',20.00,'1'),('190104','HUAYLLAY','PASCO','PASCO',20.00,'1'),('190105','NINACACA','PASCO','PASCO',20.00,'1'),('190106','PALLANCHACRA','PASCO','PASCO',20.00,'1'),('190107','PAUCARTAMBO','PASCO','PASCO',20.00,'1'),('190108','SAN FRANCISCO DE ASIS DE YARUSYACAN','PASCO','PASCO',20.00,'1'),('190109','SIMON BOLIVAR','PASCO','PASCO',20.00,'1'),('190110','TICLACAYAN','PASCO','PASCO',20.00,'1'),('190111','TINYAHUARCO','PASCO','PASCO',20.00,'1'),('190112','VICCO','PASCO','PASCO',20.00,'1'),('190113','YANACANCHA','PASCO','PASCO',20.00,'1'),('190201','YANAHUANCA','DANIEL ALCIDES CARRION','PASCO',20.00,'1'),('190202','CHACAYAN','DANIEL ALCIDES CARRION','PASCO',20.00,'1'),('190203','GOYLLARISQUIZGA','DANIEL ALCIDES CARRION','PASCO',20.00,'1'),('190204','PAUCAR','DANIEL ALCIDES CARRION','PASCO',20.00,'1'),('190205','SAN PEDRO DE PILLAO','DANIEL ALCIDES CARRION','PASCO',20.00,'1'),('190206','SANTA ANA DE TUSI','DANIEL ALCIDES CARRION','PASCO',20.00,'1'),('190207','TAPUC','DANIEL ALCIDES CARRION','PASCO',20.00,'1'),('190208','VILCABAMBA','DANIEL ALCIDES CARRION','PASCO',20.00,'1'),('190301','OXAPAMPA','OXAPAMPA','PASCO',20.00,'1'),('190302','CHONTABAMBA','OXAPAMPA','PASCO',20.00,'1'),('190303','HUANCABAMBA','OXAPAMPA','PASCO',20.00,'1'),('190304','PALCAZU','OXAPAMPA','PASCO',20.00,'1'),('190305','POZUZO','OXAPAMPA','PASCO',20.00,'1'),('190306','PUERTO BERMUDEZ','OXAPAMPA','PASCO',20.00,'1'),('190307','VILLA RICA','OXAPAMPA','PASCO',20.00,'1'),('200101','PIURA','PIURA','PIURA',21.00,'1'),('200104','CASTILLA','PIURA','PIURA',21.00,'1'),('200105','CATACAOS','PIURA','PIURA',21.00,'1'),('200107','CURA MORI','PIURA','PIURA',21.00,'1'),('200108','EL TALLAN','PIURA','PIURA',21.00,'1'),('200109','LA ARENA','PIURA','PIURA',21.00,'1'),('200110','LA UNION','PIURA','PIURA',21.00,'1'),('200111','LAS LOMAS','PIURA','PIURA',21.00,'1'),('200114','TAMBO GRANDE','PIURA','PIURA',21.00,'1'),('200201','AYABACA','AYABACA','PIURA',21.00,'1'),('200202','FRIAS','AYABACA','PIURA',21.00,'1'),('200203','JILILI','AYABACA','PIURA',21.00,'1'),('200204','LAGUNAS','AYABACA','PIURA',21.00,'1'),('200205','MONTERO','AYABACA','PIURA',21.00,'1'),('200206','PACAIPAMPA','AYABACA','PIURA',21.00,'1'),('200207','PAIMAS','AYABACA','PIURA',21.00,'1'),('200208','SAPILLICA','AYABACA','PIURA',21.00,'1'),('200209','SICCHEZ','AYABACA','PIURA',21.00,'1'),('200210','SUYO','AYABACA','PIURA',21.00,'1'),('200301','HUANCABAMBA','HUANCABAMBA','PIURA',21.00,'1'),('200302','CANCHAQUE','HUANCABAMBA','PIURA',21.00,'1'),('200303','EL CARMEN DE LA FRONTERA','HUANCABAMBA','PIURA',21.00,'1'),('200304','HUARMACA','HUANCABAMBA','PIURA',21.00,'1'),('200305','LALAQUIZ','HUANCABAMBA','PIURA',21.00,'1'),('200306','SAN MIGUEL DE EL FAIQUE','HUANCABAMBA','PIURA',21.00,'1'),('200307','SONDOR','HUANCABAMBA','PIURA',21.00,'1'),('200308','SONDORILLO','HUANCABAMBA','PIURA',21.00,'1'),('200401','CHULUCANAS','MORROPON','PIURA',21.00,'1'),('200402','BUENOS AIRES','MORROPON','PIURA',21.00,'1'),('200403','CHALACO','MORROPON','PIURA',21.00,'1'),('200404','LA MATANZA','MORROPON','PIURA',21.00,'1'),('200405','MORROPON','MORROPON','PIURA',21.00,'1'),('200406','SALITRAL','MORROPON','PIURA',21.00,'1'),('200407','SAN JUAN DE BIGOTE','MORROPON','PIURA',21.00,'1'),('200408','SANTA CATALINA DE MOSSA','MORROPON','PIURA',21.00,'1'),('200409','SANTO DOMINGO','MORROPON','PIURA',21.00,'1'),('200410','YAMANGO','MORROPON','PIURA',21.00,'1'),('200501','PAITA','PAITA','PIURA',21.00,'1'),('200502','AMOTAPE','PAITA','PIURA',21.00,'1'),('200503','ARENAL','PAITA','PIURA',21.00,'1'),('200504','COLAN','PAITA','PIURA',21.00,'1'),('200505','LA HUACA','PAITA','PIURA',21.00,'1'),('200506','TAMARINDO','PAITA','PIURA',21.00,'1'),('200507','VICHAYAL','PAITA','PIURA',21.00,'1'),('200601','SULLANA','SULLANA','PIURA',21.00,'1'),('200602','BELLAVISTA','SULLANA','PIURA',21.00,'1'),('200603','IGNACIO ESCUDERO','SULLANA','PIURA',21.00,'1'),('200604','LANCONES','SULLANA','PIURA',21.00,'1'),('200605','MARCAVELICA','SULLANA','PIURA',21.00,'1'),('200606','MIGUEL CHECA','SULLANA','PIURA',21.00,'1'),('200607','QUERECOTILLO','SULLANA','PIURA',21.00,'1'),('200608','SALITRAL','SULLANA','PIURA',21.00,'1'),('200701','PARIÑAS','TALARA','PIURA',21.00,'1'),('200702','EL ALTO','TALARA','PIURA',21.00,'1'),('200703','LA BREA','TALARA','PIURA',21.00,'1'),('200704','LOBITOS','TALARA','PIURA',21.00,'1'),('200705','LOS ORGANOS','TALARA','PIURA',21.00,'1'),('200706','MANCORA','TALARA','PIURA',21.00,'1'),('200801','SECHURA','SECHURA','PIURA',21.00,'1'),('200802','BELLAVISTA DE LA UNION','SECHURA','PIURA',21.00,'1'),('200803','BERNAL','SECHURA','PIURA',21.00,'1'),('200804','CRISTO NOS VALGA','SECHURA','PIURA',21.00,'1'),('200805','VICE','SECHURA','PIURA',21.00,'1'),('200806','RINCONADA LLICUAR','SECHURA','PIURA',21.00,'1'),('210101','PUNO','PUNO','PUNO',25.00,'1'),('210102','ACORA','PUNO','PUNO',25.00,'1'),('210103','AMANTANI','PUNO','PUNO',25.00,'1'),('210104','ATUNCOLLA','PUNO','PUNO',25.00,'1'),('210105','CAPACHICA','PUNO','PUNO',25.00,'1'),('210106','CHUCUITO','PUNO','PUNO',25.00,'1'),('210107','COATA','PUNO','PUNO',25.00,'1'),('210108','HUATA','PUNO','PUNO',25.00,'1'),('210109','MAÑAZO','PUNO','PUNO',25.00,'1'),('210110','PAUCARCOLLA','PUNO','PUNO',25.00,'1'),('210111','PICHACANI','PUNO','PUNO',25.00,'1'),('210112','PLATERIA','PUNO','PUNO',25.00,'1'),('210113','SAN ANTONIO','PUNO','PUNO',25.00,'1'),('210114','TIQUILLACA','PUNO','PUNO',25.00,'1'),('210115','VILQUE','PUNO','PUNO',25.00,'1'),('210201','AZANGARO','AZANGARO','PUNO',25.00,'1'),('210202','ACHAYA','AZANGARO','PUNO',25.00,'1'),('210203','ARAPA','AZANGARO','PUNO',25.00,'1'),('210204','ASILLO','AZANGARO','PUNO',25.00,'1'),('210205','CAMINACA','AZANGARO','PUNO',25.00,'1'),('210206','CHUPA','AZANGARO','PUNO',25.00,'1'),('210207','JOSE DOMINGO CHOQUEHUANCA','AZANGARO','PUNO',25.00,'1'),('210208','MUÑANI','AZANGARO','PUNO',25.00,'1'),('210209','POTONI','AZANGARO','PUNO',25.00,'1'),('210210','SAMAN','AZANGARO','PUNO',25.00,'1'),('210211','SAN ANTON','AZANGARO','PUNO',25.00,'1'),('210212','SAN JOSE','AZANGARO','PUNO',25.00,'1'),('210213','SAN JUAN DE SALINAS','AZANGARO','PUNO',25.00,'1'),('210214','SANTIAGO DE PUPUJA','AZANGARO','PUNO',25.00,'1'),('210215','TIRAPATA','AZANGARO','PUNO',25.00,'1'),('210301','MACUSANI','CARABAYA','PUNO',25.00,'1'),('210302','AJOYANI','CARABAYA','PUNO',25.00,'1'),('210303','AYAPATA','CARABAYA','PUNO',25.00,'1'),('210304','COASA','CARABAYA','PUNO',25.00,'1'),('210305','CORANI','CARABAYA','PUNO',25.00,'1'),('210306','CRUCERO','CARABAYA','PUNO',25.00,'1'),('210307','ITUATA','CARABAYA','PUNO',25.00,'1'),('210308','OLLACHEA','CARABAYA','PUNO',25.00,'1'),('210309','SAN GABAN','CARABAYA','PUNO',25.00,'1'),('210310','USICAYOS','CARABAYA','PUNO',25.00,'1'),('210401','JULI','CHUCUITO','PUNO',25.00,'1'),('210402','DESAGUADERO','CHUCUITO','PUNO',25.00,'1'),('210403','HUACULLANI','CHUCUITO','PUNO',25.00,'1'),('210404','KELLUYO','CHUCUITO','PUNO',25.00,'1'),('210405','PISACOMA','CHUCUITO','PUNO',25.00,'1'),('210406','POMATA','CHUCUITO','PUNO',25.00,'1'),('210407','ZEPITA','CHUCUITO','PUNO',25.00,'1'),('210501','ILAVE','EL COLLAO','PUNO',25.00,'1'),('210502','CAPAZO','EL COLLAO','PUNO',25.00,'1'),('210503','PILCUYO','EL COLLAO','PUNO',25.00,'1'),('210504','SANTA ROSA','EL COLLAO','PUNO',25.00,'1'),('210505','CONDURIRI','EL COLLAO','PUNO',25.00,'1'),('210601','HUANCANE','HUANCANE','PUNO',25.00,'1'),('210602','COJATA','HUANCANE','PUNO',25.00,'1'),('210603','HUATASANI','HUANCANE','PUNO',25.00,'1'),('210604','INCHUPALLA','HUANCANE','PUNO',25.00,'1'),('210605','PUSI','HUANCANE','PUNO',25.00,'1'),('210606','ROSASPATA','HUANCANE','PUNO',25.00,'1'),('210607','TARACO','HUANCANE','PUNO',25.00,'1'),('210608','VILQUE CHICO','HUANCANE','PUNO',25.00,'1'),('210701','LAMPA','LAMPA','PUNO',25.00,'1'),('210702','CABANILLA','LAMPA','PUNO',25.00,'1'),('210703','CALAPUJA','LAMPA','PUNO',25.00,'1'),('210704','NICASIO','LAMPA','PUNO',25.00,'1'),('210705','OCUVIRI','LAMPA','PUNO',25.00,'1'),('210706','PALCA','LAMPA','PUNO',25.00,'1'),('210707','PARATIA','LAMPA','PUNO',25.00,'1'),('210708','PUCARA','LAMPA','PUNO',25.00,'1'),('210709','SANTA LUCIA','LAMPA','PUNO',25.00,'1'),('210710','VILAVILA','LAMPA','PUNO',25.00,'1'),('210801','AYAVIRI','MELGAR','PUNO',25.00,'1'),('210802','ANTAUTA','MELGAR','PUNO',25.00,'1'),('210803','CUPI','MELGAR','PUNO',25.00,'1'),('210804','LLALLI','MELGAR','PUNO',25.00,'1'),('210805','MACARI','MELGAR','PUNO',25.00,'1'),('210806','NUÑOA','MELGAR','PUNO',25.00,'1'),('210807','ORURILLO','MELGAR','PUNO',25.00,'1'),('210808','SANTA ROSA','MELGAR','PUNO',25.00,'1'),('210809','UMACHIRI','MELGAR','PUNO',25.00,'1'),('210901','MOHO','MOHO','PUNO',25.00,'1'),('210902','CONIMA','MOHO','PUNO',25.00,'1'),('210903','HUAYRAPATA','MOHO','PUNO',25.00,'1'),('210904','TILALI','MOHO','PUNO',25.00,'1'),('211001','PUTINA','SAN ANTONIO DE PUTIN','PUNO',25.00,'1'),('211002','ANANEA','SAN ANTONIO DE PUTIN','PUNO',25.00,'1'),('211003','PEDRO VILCA APAZA','SAN ANTONIO DE PUTIN','PUNO',25.00,'1'),('211004','QUILCAPUNCU','SAN ANTONIO DE PUTIN','PUNO',25.00,'1'),('211005','SINA','SAN ANTONIO DE PUTIN','PUNO',25.00,'1'),('211101','JULIACA','SAN ROMAN','PUNO',25.00,'1'),('211102','CABANA','SAN ROMAN','PUNO',25.00,'1'),('211103','CABANILLAS','SAN ROMAN','PUNO',25.00,'1'),('211104','CARACOTO','SAN ROMAN','PUNO',25.00,'1'),('211201','SANDIA','SANDIA','PUNO',25.00,'1'),('211202','CUYOCUYO','SANDIA','PUNO',25.00,'1'),('211203','LIMBANI','SANDIA','PUNO',25.00,'1'),('211204','PATAMBUCO','SANDIA','PUNO',25.00,'1'),('211205','PHARA','SANDIA','PUNO',25.00,'1'),('211206','QUIACA','SANDIA','PUNO',25.00,'1'),('211207','SAN JUAN DEL ORO','SANDIA','PUNO',25.00,'1'),('211208','YANAHUAYA','SANDIA','PUNO',25.00,'1'),('211209','ALTO INAMBARI','SANDIA','PUNO',25.00,'1'),('211210','SAN PEDRO DE PUTINA PUNCO','SANDIA','PUNO',25.00,'1'),('211301','YUNGUYO','YUNGUYO','PUNO',25.00,'1'),('211302','ANAPIA','YUNGUYO','PUNO',25.00,'1'),('211303','COPANI','YUNGUYO','PUNO',25.00,'1'),('211304','CUTURAPI','YUNGUYO','PUNO',25.00,'1'),('211305','OLLARAYA','YUNGUYO','PUNO',25.00,'1'),('211306','TINICACHI','YUNGUYO','PUNO',25.00,'1'),('211307','UNICACHI','YUNGUYO','PUNO',25.00,'1'),('220101','MOYOBAMBA','MOYOBAMBA','SAN MARTIN',19.00,'1'),('220102','CALZADA','MOYOBAMBA','SAN MARTIN',19.00,'1'),('220103','HABANA','MOYOBAMBA','SAN MARTIN',19.00,'1'),('220104','JEPELACIO','MOYOBAMBA','SAN MARTIN',19.00,'1'),('220105','SORITOR','MOYOBAMBA','SAN MARTIN',19.00,'1'),('220106','YANTALO','MOYOBAMBA','SAN MARTIN',19.00,'1'),('220201','BELLAVISTA','BELLAVISTA','SAN MARTIN',19.00,'1'),('220202','ALTO BIAVO','BELLAVISTA','SAN MARTIN',19.00,'1'),('220203','BAJO BIAVO','BELLAVISTA','SAN MARTIN',19.00,'1'),('220204','HUALLAGA','BELLAVISTA','SAN MARTIN',19.00,'1'),('220205','SAN PABLO','BELLAVISTA','SAN MARTIN',19.00,'1'),('220206','SAN RAFAEL','BELLAVISTA','SAN MARTIN',19.00,'1'),('220301','SAN JOSE DE SISA','EL DORADO','SAN MARTIN',19.00,'1'),('220302','AGUA BLANCA','EL DORADO','SAN MARTIN',19.00,'1'),('220303','SAN MARTIN','EL DORADO','SAN MARTIN',19.00,'1'),('220304','SANTA ROSA','EL DORADO','SAN MARTIN',19.00,'1'),('220305','SHATOJA','EL DORADO','SAN MARTIN',19.00,'1'),('220401','SAPOSOA','HUALLAGA','SAN MARTIN',19.00,'1'),('220402','ALTO SAPOSOA','HUALLAGA','SAN MARTIN',19.00,'1'),('220403','EL ESLABON','HUALLAGA','SAN MARTIN',19.00,'1'),('220404','PISCOYACU','HUALLAGA','SAN MARTIN',19.00,'1'),('220405','SACANCHE','HUALLAGA','SAN MARTIN',19.00,'1'),('220406','TINGO DE SAPOSOA','HUALLAGA','SAN MARTIN',19.00,'1'),('220501','LAMAS','LAMAS','SAN MARTIN',19.00,'1'),('220502','ALONSO DE ALVARADO','LAMAS','SAN MARTIN',19.00,'1'),('220503','BARRANQUITA','LAMAS','SAN MARTIN',19.00,'1'),('220504','CAYNARACHI','LAMAS','SAN MARTIN',19.00,'1'),('220505','CUÑUMBUQUI','LAMAS','SAN MARTIN',19.00,'1'),('220506','PINTO RECODO','LAMAS','SAN MARTIN',19.00,'1'),('220507','RUMISAPA','LAMAS','SAN MARTIN',19.00,'1'),('220508','SAN ROQUE DE CUMBAZA','LAMAS','SAN MARTIN',19.00,'1'),('220509','SHANAO','LAMAS','SAN MARTIN',19.00,'1'),('220510','TABALOSOS','LAMAS','SAN MARTIN',19.00,'1'),('220511','ZAPATERO','LAMAS','SAN MARTIN',19.00,'1'),('220601','JUANJUI','MARISCAL CACERES','SAN MARTIN',19.00,'1'),('220602','CAMPANILLA','MARISCAL CACERES','SAN MARTIN',19.00,'1'),('220603','HUICUNGO','MARISCAL CACERES','SAN MARTIN',19.00,'1'),('220604','PACHIZA','MARISCAL CACERES','SAN MARTIN',19.00,'1'),('220605','PAJARILLO','MARISCAL CACERES','SAN MARTIN',19.00,'1'),('220701','PICOTA','PICOTA','SAN MARTIN',19.00,'1'),('220702','BUENOS AIRES','PICOTA','SAN MARTIN',19.00,'1'),('220703','CASPISAPA','PICOTA','SAN MARTIN',19.00,'1'),('220704','PILLUANA','PICOTA','SAN MARTIN',19.00,'1'),('220705','PUCACACA','PICOTA','SAN MARTIN',19.00,'1'),('220706','SAN CRISTOBAL','PICOTA','SAN MARTIN',19.00,'1'),('220707','SAN HILARION','PICOTA','SAN MARTIN',19.00,'1'),('220708','SHAMBOYACU','PICOTA','SAN MARTIN',19.00,'1'),('220709','TINGO DE PONASA','PICOTA','SAN MARTIN',19.00,'1'),('220710','TRES UNIDOS','PICOTA','SAN MARTIN',19.00,'1'),('220801','RIOJA','RIOJA','SAN MARTIN',19.00,'1'),('220802','AWAJUN','RIOJA','SAN MARTIN',19.00,'1'),('220803','ELIAS SOPLIN VARGAS','RIOJA','SAN MARTIN',19.00,'1'),('220804','NUEVA CAJAMARCA','RIOJA','SAN MARTIN',19.00,'1'),('220805','PARDO MIGUEL','RIOJA','SAN MARTIN',19.00,'1'),('220806','POSIC','RIOJA','SAN MARTIN',19.00,'1'),('220807','SAN FERNANDO','RIOJA','SAN MARTIN',19.00,'1'),('220808','YORONGOS','RIOJA','SAN MARTIN',19.00,'1'),('220809','YURACYACU','RIOJA','SAN MARTIN',19.00,'1'),('220901','TARAPOTO','SAN MARTIN','SAN MARTIN',19.00,'1'),('220902','ALBERTO LEVEAU','SAN MARTIN','SAN MARTIN',19.00,'1'),('220903','CACATACHI','SAN MARTIN','SAN MARTIN',19.00,'1'),('220904','CHAZUTA','SAN MARTIN','SAN MARTIN',19.00,'1'),('220905','CHIPURANA','SAN MARTIN','SAN MARTIN',19.00,'1'),('220906','EL PORVENIR','SAN MARTIN','SAN MARTIN',19.00,'1'),('220907','HUIMBAYOC','SAN MARTIN','SAN MARTIN',19.00,'1'),('220908','JUAN GUERRA','SAN MARTIN','SAN MARTIN',19.00,'1'),('220909','LA BANDA DE SHILCAYO','SAN MARTIN','SAN MARTIN',19.00,'1'),('220910','MORALES','SAN MARTIN','SAN MARTIN',19.00,'1'),('220911','PAPAPLAYA','SAN MARTIN','SAN MARTIN',19.00,'1'),('220912','SAN ANTONIO','SAN MARTIN','SAN MARTIN',19.00,'1'),('220913','SAUCE','SAN MARTIN','SAN MARTIN',19.00,'1'),('220914','SHAPAJA','SAN MARTIN','SAN MARTIN',19.00,'1'),('221001','TOCACHE','TOCACHE','SAN MARTIN',19.00,'1'),('221002','NUEVO PROGRESO','TOCACHE','SAN MARTIN',19.00,'1'),('221003','POLVORA','TOCACHE','SAN MARTIN',19.00,'1'),('221004','SHUNTE','TOCACHE','SAN MARTIN',19.00,'1'),('221005','UCHIZA','TOCACHE','SAN MARTIN',19.00,'1'),('230101','TACNA','TACNA','TACNA',24.00,'1'),('230102','ALTO DE LA ALIANZA','TACNA','TACNA',24.00,'1'),('230103','CALANA','TACNA','TACNA',24.00,'1'),('230104','CIUDAD NUEVA','TACNA','TACNA',24.00,'1'),('230105','INCLAN','TACNA','TACNA',24.00,'1'),('230106','PACHIA','TACNA','TACNA',24.00,'1'),('230107','PALCA','TACNA','TACNA',24.00,'1'),('230108','POCOLLAY','TACNA','TACNA',24.00,'1'),('230109','SAMA','TACNA','TACNA',24.00,'1'),('230110','CORONEL GREGORIO ALBARRACIN LANCHIPA','TACNA','TACNA',24.00,'1'),('230201','CANDARAVE','CANDARAVE','TACNA',24.00,'1'),('230202','CAIRANI','CANDARAVE','TACNA',24.00,'1'),('230203','CAMILACA','CANDARAVE','TACNA',24.00,'1'),('230204','CURIBAYA','CANDARAVE','TACNA',24.00,'1'),('230205','HUANUARA','CANDARAVE','TACNA',24.00,'1'),('230206','QUILAHUANI','CANDARAVE','TACNA',24.00,'1'),('230301','LOCUMBA','JORGE BASADRE','TACNA',24.00,'1'),('230302','ILABAYA','JORGE BASADRE','TACNA',24.00,'1'),('230303','ITE','JORGE BASADRE','TACNA',24.00,'1'),('230401','TARATA','TARATA','TACNA',24.00,'1'),('230402','HEROES ALBARRACIN','TARATA','TACNA',24.00,'1'),('230403','ESTIQUE','TARATA','TACNA',24.00,'1'),('230404','ESTIQUE-PAMPA','TARATA','TACNA',24.00,'1'),('230405','SITAJARA','TARATA','TACNA',24.00,'1'),('230406','SUSAPAYA','TARATA','TACNA',24.00,'1'),('230407','TARUCACHI','TARATA','TACNA',24.00,'1'),('230408','TICACO','TARATA','TACNA',24.00,'1'),('240101','TUMBES','TUMBES','TUMBES',23.00,'1'),('240102','CORRALES','TUMBES','TUMBES',23.00,'1'),('240103','LA CRUZ','TUMBES','TUMBES',23.00,'1'),('240104','PAMPAS DE HOSPITAL','TUMBES','TUMBES',23.00,'1'),('240105','SAN JACINTO','TUMBES','TUMBES',23.00,'1'),('240106','SAN JUAN DE LA VIRGEN','TUMBES','TUMBES',23.00,'1'),('240201','ZORRITOS','CONTRALMIRANTE VILLA','TUMBES',23.00,'1'),('240202','CASITAS','CONTRALMIRANTE VILLA','TUMBES',23.00,'1'),('240203','CANOAS DE PUNTA SAL','CONTRALMIRANTE VILLA','TUMBES',23.00,'1'),('240301','ZARUMILLA','ZARUMILLA','TUMBES',23.00,'1'),('240302','AGUAS VERDES','ZARUMILLA','TUMBES',23.00,'1'),('240303','MATAPALO','ZARUMILLA','TUMBES',23.00,'1'),('240304','PAPAYAL','ZARUMILLA','TUMBES',23.00,'1'),('250101','CALLERIA','CORONEL PORTILLO','UCAYALI',19.00,'1'),('250102','CAMPOVERDE','CORONEL PORTILLO','UCAYALI',19.00,'1'),('250103','IPARIA','CORONEL PORTILLO','UCAYALI',19.00,'1'),('250104','MASISEA','CORONEL PORTILLO','UCAYALI',19.00,'1'),('250105','YARINACOCHA','CORONEL PORTILLO','UCAYALI',19.00,'1'),('250106','NUEVA REQUENA','CORONEL PORTILLO','UCAYALI',19.00,'1'),('250107','MANANTAY','CORONEL PORTILLO','UCAYALI',19.00,'1'),('250201','RAYMONDI','ATALAYA','UCAYALI',19.00,'1'),('250202','SEPAHUA','ATALAYA','UCAYALI',19.00,'1'),('250203','TAHUANIA','ATALAYA','UCAYALI',19.00,'1'),('250204','YURUA','ATALAYA','UCAYALI',19.00,'1'),('250301','PADRE ABAD','PADRE ABAD','UCAYALI',19.00,'1'),('250302','IRAZOLA','PADRE ABAD','UCAYALI',19.00,'1'),('250303','CURIMANA','PADRE ABAD','UCAYALI',19.00,'1'),('250401','PURUS','PURUS','UCAYALI',19.00,'1');
/*!40000 ALTER TABLE `costoubigeo` ENABLE KEYS */;
UNLOCK TABLES;

--
-- Table structure for table `courrier`
--

DROP TABLE IF EXISTS `courrier`;
/*!40101 SET @saved_cs_client     = @@character_set_client */;
/*!40101 SET character_set_client = utf8 */;
CREATE TABLE `courrier` (
  `idCourrier` int(11) NOT NULL,
  `Descripion` varchar(50) DEFAULT NULL,
  `Direccion` varchar(250) DEFAULT NULL,
  `Observacion` varchar(250) DEFAULT NULL,
  PRIMARY KEY (`idCourrier`)
) ENGINE=InnoDB DEFAULT CHARSET=utf8;
/*!40101 SET character_set_client = @saved_cs_client */;

--
-- Dumping data for table `courrier`
--

LOCK TABLES `courrier` WRITE;
/*!40000 ALTER TABLE `courrier` DISABLE KEYS */;
INSERT INTO `courrier` VALUES (1,'Olva Courrier','Av. Paseo de la Republica 8045 - Cercado Lima',''),(2,'Cruz del Norte','Av. 28 de Julio 752 - La Victoria',NULL),(3,'Soyuz','Av. 28 de Julio 978 - La Victoria',NULL),(4,'Movil Tours','Av. Paseo de la Republica 7099 - Cercado de Lima',NULL);
/*!40000 ALTER TABLE `courrier` ENABLE KEYS */;
UNLOCK TABLES;

--
-- Table structure for table `ctaxbancos`
--

DROP TABLE IF EXISTS `ctaxbancos`;
/*!40101 SET @saved_cs_client     = @@character_set_client */;
/*!40101 SET character_set_client = utf8 */;
CREATE TABLE `ctaxbancos` (
  `idBancos` int(11) NOT NULL,
  `NroCuenta` char(16) NOT NULL,
  `Descripcion` varchar(100) DEFAULT NULL,
  PRIMARY KEY (`idBancos`,`NroCuenta`),
  CONSTRAINT `fk_CtaxBanco_Bancos1` FOREIGN KEY (`idBancos`) REFERENCES `bancos` (`IdBancos`) ON DELETE NO ACTION ON UPDATE NO ACTION
) ENGINE=InnoDB DEFAULT CHARSET=utf8;
/*!40101 SET character_set_client = @saved_cs_client */;

--
-- Dumping data for table `ctaxbancos`
--

LOCK TABLES `ctaxbancos` WRITE;
/*!40000 ALTER TABLE `ctaxbancos` DISABLE KEYS */;
INSERT INTO `ctaxbancos` VALUES (1,'450-326516','Ahorro Soles'),(1,'740-155452','Cta. Corriente'),(2,'954-621654','Ahorro Soles'),(3,'32651-54515','Ahorro Soles'),(4,'9513-412694','Ahorro Soles'),(5,'970-451238946','Ahorro Soles');
/*!40000 ALTER TABLE `ctaxbancos` ENABLE KEYS */;
UNLOCK TABLES;

--
-- Table structure for table `cupondescuento`
--

DROP TABLE IF EXISTS `cupondescuento`;
/*!40101 SET @saved_cs_client     = @@character_set_client */;
/*!40101 SET character_set_client = utf8 */;
CREATE TABLE `cupondescuento` (
  `IdCuponDescuento` int(11) NOT NULL,
  `CodigoCupon` char(8) DEFAULT NULL,
  `FechaValInicio` date DEFAULT NULL,
  `FechaValFin` date DEFAULT NULL,
  `PorcDescuento` decimal(5,2) DEFAULT NULL,
  `MontoDescuento` decimal(15,2) DEFAULT NULL,
  `Observacion` varchar(150) DEFAULT NULL,
  PRIMARY KEY (`IdCuponDescuento`)
) ENGINE=InnoDB DEFAULT CHARSET=utf8;
/*!40101 SET character_set_client = @saved_cs_client */;

--
-- Dumping data for table `cupondescuento`
--

LOCK TABLES `cupondescuento` WRITE;
/*!40000 ALTER TABLE `cupondescuento` DISABLE KEYS */;
INSERT INTO `cupondescuento` VALUES (1,'15DCTO',NULL,NULL,15.00,0.00,'Dia de la Madre'),(2,'10DAD',NULL,NULL,10.00,0.00,'Dia del Padre'),(3,'80AKF',NULL,NULL,0.00,80.00,'Descuento Promocional'),(4,'050PRI',NULL,NULL,0.00,50.00,'Primavera Descuento');
/*!40000 ALTER TABLE `cupondescuento` ENABLE KEYS */;
UNLOCK TABLES;

--
-- Table structure for table `detalleventa`
--

DROP TABLE IF EXISTS `detalleventa`;
/*!40101 SET @saved_cs_client     = @@character_set_client */;
/*!40101 SET character_set_client = utf8 */;
CREATE TABLE `detalleventa` (
  `IdVenta` int(11) NOT NULL,
  `IdProducto` int(11) NOT NULL,
  `IdColorProducto` int(11) NOT NULL,
  `NroTalla` int(11) NOT NULL,
  `Cantidad` int(11) DEFAULT NULL,
  `PrecioUnitario` decimal(15,2) DEFAULT NULL,
  `SubTotal` decimal(15,2) DEFAULT NULL,
  `Total` decimal(15,2) DEFAULT NULL,
  PRIMARY KEY (`IdVenta`,`IdProducto`,`IdColorProducto`,`NroTalla`),
  KEY `fk_DetalleVenta_ProductoTallaColor1` (`IdProducto`,`IdColorProducto`,`NroTalla`),
  CONSTRAINT `fk_DetalleVenta_ProductoTallaColor1` FOREIGN KEY (`IdProducto`, `IdColorProducto`, `NroTalla`) REFERENCES `productotallacolor` (`IdProducto`, `IdColorProducto`, `NroTalla`) ON DELETE NO ACTION ON UPDATE NO ACTION,
  CONSTRAINT `fk_Venta_has_ProductoTallaColor_Venta1` FOREIGN KEY (`IdVenta`) REFERENCES `venta` (`IdVenta`) ON DELETE NO ACTION ON UPDATE NO ACTION
) ENGINE=InnoDB DEFAULT CHARSET=utf8;
/*!40101 SET character_set_client = @saved_cs_client */;

--
-- Dumping data for table `detalleventa`
--

LOCK TABLES `detalleventa` WRITE;
/*!40000 ALTER TABLE `detalleventa` DISABLE KEYS */;
INSERT INTO `detalleventa` VALUES (7,1,5,38,1,118.92,97.51,118.92),(8,1,5,38,1,118.92,97.51,118.92),(9,1,5,38,1,118.92,97.51,118.92),(10,1,5,38,1,118.92,97.51,118.92),(11,1,5,38,1,118.92,97.51,118.92),(12,1,5,38,1,118.92,97.51,118.92),(21,5,4,42,1,72.68,59.60,72.68),(22,1,5,38,1,118.92,97.51,118.92),(23,1,5,38,1,118.92,97.51,118.92),(24,1,5,38,1,118.92,97.51,118.92),(25,1,5,38,1,118.92,97.51,118.92),(26,1,7,38,1,118.92,97.51,118.92),(27,1,5,38,1,118.92,97.51,118.92),(28,1,7,38,1,118.92,97.51,118.92),(29,5,4,42,1,72.68,59.60,72.68),(29,5,9,41,1,72.68,59.60,72.68),(30,1,5,38,1,118.92,97.51,118.92),(31,4,4,38,5,80.75,331.08,403.75),(32,2,4,42,2,72.85,119.47,145.70),(32,3,2,41,2,124.27,203.80,248.54),(33,2,4,39,1,72.85,59.74,72.85),(34,5,9,41,1,72.68,59.60,72.68),(35,5,4,38,1,72.68,59.60,72.68),(35,5,4,42,1,72.68,59.60,72.68),(35,5,9,41,1,72.68,59.60,72.68),(36,5,9,38,1,72.68,59.60,72.68),(36,5,9,41,1,72.68,59.60,72.68),(36,5,9,42,1,72.68,59.60,72.68);
/*!40000 ALTER TABLE `detalleventa` ENABLE KEYS */;
UNLOCK TABLES;

--
-- Table structure for table `direccion`
--

DROP TABLE IF EXISTS `direccion`;
/*!40101 SET @saved_cs_client     = @@character_set_client */;
/*!40101 SET character_set_client = utf8 */;
CREATE TABLE `direccion` (
  `IdDireccion` int(11) NOT NULL,
  `IdCliente` int(11) NOT NULL,
  `Descripcion` varchar(250) DEFAULT NULL,
  `Referencia` varchar(500) DEFAULT NULL,
  `Telefono` varchar(10) DEFAULT NULL,
  `Distrito` varchar(50) DEFAULT NULL,
  `Provincia` varchar(50) DEFAULT NULL,
  `Departamento` varchar(50) DEFAULT NULL,
  PRIMARY KEY (`IdDireccion`,`IdCliente`),
  KEY `fk_Direccion_Cliente1` (`IdCliente`),
  CONSTRAINT `fk_Direccion_Cliente1` FOREIGN KEY (`IdCliente`) REFERENCES `cliente` (`IdCliente`) ON DELETE NO ACTION ON UPDATE NO ACTION
) ENGINE=InnoDB DEFAULT CHARSET=utf8;
/*!40101 SET character_set_client = @saved_cs_client */;

--
-- Dumping data for table `direccion`
--

LOCK TABLES `direccion` WRITE;
/*!40000 ALTER TABLE `direccion` DISABLE KEYS */;
INSERT INTO `direccion` VALUES (1,1,'Av. Los Halcones 452','Altura Cuadra 4 Separadora Industrial',NULL,'Molina','Lima','Lima'),(1,2,'Jr. Ucayali 185','Paralela a la cuadra 4 de Miroquesada ','4852655','Cercado de Lima','Lima','Lima'),(1,3,'Av. La Marina 1940','a 2 Cuadras de plaza San Miguel','2458754','San Miguel','Lima','Lima'),(1,4,'Av. Proceres 958','Altura Centro de Salud Proceres de ESSALUD','3562478','Surco','Lima','Lima'),(1,5,'Av. Pizarro 247',NULL,'3254816','Rimac','Lima','Lima'),(2,1,'Av. Los Lirios 854','Frente a Plaza Vea de La Molina','4525632','Molina','Lima','Lima');
/*!40000 ALTER TABLE `direccion` ENABLE KEYS */;
UNLOCK TABLES;

--
-- Table structure for table `disponibilidadmovilidad`
--

DROP TABLE IF EXISTS `disponibilidadmovilidad`;
/*!40101 SET @saved_cs_client     = @@character_set_client */;
/*!40101 SET character_set_client = utf8 */;
CREATE TABLE `disponibilidadmovilidad` (
  `IdMovilidad` int(11) NOT NULL,
  `IdOrdenDespacho` int(11) NOT NULL,
  `FechaMovilidad` date DEFAULT NULL,
  `AltoDisponible` decimal(5,2) DEFAULT NULL,
  `AnchoDisponible` decimal(5,2) DEFAULT NULL,
  `LargoDisponible` decimal(5,2) DEFAULT NULL,
  PRIMARY KEY (`IdMovilidad`,`IdOrdenDespacho`),
  KEY `fk_OrdenDespacho_has_Movilidad_OrdenDespacho1` (`IdOrdenDespacho`),
  CONSTRAINT `fk_OrdenDespacho_has_Movilidad_Movilidad1` FOREIGN KEY (`IdMovilidad`) REFERENCES `movilidad` (`IdMovilidad`) ON DELETE NO ACTION ON UPDATE NO ACTION,
  CONSTRAINT `fk_OrdenDespacho_has_Movilidad_OrdenDespacho1` FOREIGN KEY (`IdOrdenDespacho`) REFERENCES `ordendespacho` (`IdOrdenDespacho`) ON DELETE NO ACTION ON UPDATE NO ACTION
) ENGINE=InnoDB DEFAULT CHARSET=utf8;
/*!40101 SET character_set_client = @saved_cs_client */;

--
-- Dumping data for table `disponibilidadmovilidad`
--

LOCK TABLES `disponibilidadmovilidad` WRITE;
/*!40000 ALTER TABLE `disponibilidadmovilidad` DISABLE KEYS */;
/*!40000 ALTER TABLE `disponibilidadmovilidad` ENABLE KEYS */;
UNLOCK TABLES;

--
-- Table structure for table `documentopago`
--

DROP TABLE IF EXISTS `documentopago`;
/*!40101 SET @saved_cs_client     = @@character_set_client */;
/*!40101 SET character_set_client = utf8 */;
CREATE TABLE `documentopago` (
  `TipoDocumento` char(1) NOT NULL,
  `NroSerie` char(5) NOT NULL,
  `CodDocumento` char(8) NOT NULL,
  `NroRuc` char(11) DEFAULT NULL,
  `RazonSocial` varchar(200) DEFAULT NULL,
  `FechaPago` date DEFAULT NULL,
  `UsuarioGenero` char(15) DEFAULT NULL,
  `FehaGeneracion` date DEFAULT NULL,
  `UsuarioModifico` char(15) DEFAULT NULL,
  `FechaModificacion` date DEFAULT NULL,
  `Venta_idVenta` int(11) NOT NULL,
  PRIMARY KEY (`TipoDocumento`,`NroSerie`,`CodDocumento`),
  KEY `fk_DocumentoPago_Venta1` (`Venta_idVenta`),
  CONSTRAINT `fk_DocumentoPago_Venta1` FOREIGN KEY (`Venta_idVenta`) REFERENCES `venta` (`IdVenta`) ON DELETE NO ACTION ON UPDATE NO ACTION
) ENGINE=InnoDB DEFAULT CHARSET=utf8;
/*!40101 SET character_set_client = @saved_cs_client */;

--
-- Dumping data for table `documentopago`
--

LOCK TABLES `documentopago` WRITE;
/*!40000 ALTER TABLE `documentopago` DISABLE KEYS */;
INSERT INTO `documentopago` VALUES ('0','00001','00000001','63582147','Maria Calara Ruiz',NULL,'System','2017-10-09','',NULL,3),('0','00001','00000002','63582147','Maria Calara Ruiz',NULL,'System','2017-10-09','',NULL,4),('0','00001','00000003','63582147','Maria Calara Ruiz',NULL,'System','2017-10-09','',NULL,5),('0','00001','00000004','63582147','Maria Calara Ruiz',NULL,'System','2017-10-09','',NULL,6),('0','00001','00000005','63582147','Maria Calara Ruiz',NULL,'System','2017-10-09','',NULL,7),('0','00001','00000006','63582147','Maria Calara Ruiz',NULL,'System','2017-10-09','',NULL,8),('0','00001','00000007','63582147','Maria Calara Ruiz',NULL,'System','2017-10-09','',NULL,9),('0','00001','00000008','63582147','Maria Calara Ruiz',NULL,'System','2017-10-09','',NULL,10),('0','00001','00000009','63582147','Maria Calara Ruiz',NULL,'System','2017-10-09','',NULL,11),('0','00001','00000010','63582147','Maria Calara Ruiz',NULL,'System','2017-10-09','',NULL,12),('0','00001','00000011','63582147','Maria Calara Ruiz','2017-10-09','System','2017-10-09','',NULL,13),('0','00001','00000012','63582147','Maria Calara Ruiz','2017-10-09','System','2017-10-09','',NULL,14),('0','00001','00000013','63582147','Maria Calara Ruiz',NULL,'System','2017-10-09','',NULL,15),('0','00001','00000014','63582147','Maria Calara Ruiz',NULL,'System','2017-10-09','',NULL,16),('0','00001','00000015','63582147','Maria Calara Ruiz',NULL,'System','2017-10-09','',NULL,17),('0','00001','00000016','63582147','Maria Calara Ruiz',NULL,'System','2017-10-09','',NULL,18),('0','00001','00000017','63582147','Maria Calara Ruiz',NULL,'System','2017-10-09','',NULL,20),('0','00001','00000018','63582147','Maria Calara Ruiz',NULL,'System','2017-10-09','',NULL,22),('0','00001','00000019','63582147','Maria Calara Ruiz',NULL,'System','2018-01-11','',NULL,23),('0','00001','00000020','63582147','Maria Calara Ruiz',NULL,'System','2018-01-11','',NULL,24),('0','00001','00000021','63582147','Maria Calara Ruiz',NULL,'System','2018-01-11','',NULL,25),('0','00001','00000022','63582147','Maria Calara Ruiz',NULL,'System','2018-01-29','',NULL,26),('0','00001','00000023','63582147','Maria Calara Ruiz',NULL,'System','2018-01-29','',NULL,27),('0','00001','00000024','63582147','Maria Calara Ruiz',NULL,'System','2018-02-10','',NULL,30),('0','00001','00000025','63582147','Maria Calara Ruiz',NULL,'System','2018-02-10','',NULL,33),('0','00001','00000026','63582147','Maria Calara Ruiz',NULL,'System','2018-02-10','',NULL,34),('0','00001','00000027','63582147','Maria Calara Ruiz',NULL,'System','2018-02-10','',NULL,35),('0','00001','00000028','63582147','Maria Calara Ruiz',NULL,'System','2018-02-10','',NULL,36),('1','00001','00000001','','','2017-10-09','System','2017-10-09','',NULL,19),('1','00001','00000002','','',NULL,'System','2017-10-09','',NULL,21),('1','00001','00000003','12345678901','123',NULL,'System','2018-01-30','',NULL,28),('1','00001','00000004','20104521384','Empresa Peruana de Calzados ',NULL,'System','2018-02-10','',NULL,29),('1','00001','00000005','11111111222','Razon x',NULL,'System','2018-02-10','',NULL,31),('1','00001','00000006','99999999999','razon x',NULL,'System','2018-02-10','',NULL,32);
/*!40000 ALTER TABLE `documentopago` ENABLE KEYS */;
UNLOCK TABLES;

--
-- Table structure for table `estadoventa`
--

DROP TABLE IF EXISTS `estadoventa`;
/*!40101 SET @saved_cs_client     = @@character_set_client */;
/*!40101 SET character_set_client = utf8 */;
CREATE TABLE `estadoventa` (
  `IdEstadoVenta` int(11) NOT NULL,
  `Descripcion` varchar(150) DEFAULT NULL,
  PRIMARY KEY (`IdEstadoVenta`)
) ENGINE=InnoDB DEFAULT CHARSET=utf8;
/*!40101 SET character_set_client = @saved_cs_client */;

--
-- Dumping data for table `estadoventa`
--

LOCK TABLES `estadoventa` WRITE;
/*!40000 ALTER TABLE `estadoventa` DISABLE KEYS */;
INSERT INTO `estadoventa` VALUES (1,'Pendiente Pago'),(2,'Por Confirmar'),(3,'Pagado'),(4,'Anulado'),(5,'Generado');
/*!40000 ALTER TABLE `estadoventa` ENABLE KEYS */;
UNLOCK TABLES;

--
-- Table structure for table `fomapago`
--

DROP TABLE IF EXISTS `fomapago`;
/*!40101 SET @saved_cs_client     = @@character_set_client */;
/*!40101 SET character_set_client = utf8 */;
CREATE TABLE `fomapago` (
  `IdFomaPago` int(11) NOT NULL,
  `Descripcion` varchar(100) DEFAULT NULL,
  `Estado` char(1) DEFAULT NULL,
  PRIMARY KEY (`IdFomaPago`)
) ENGINE=InnoDB DEFAULT CHARSET=utf8;
/*!40101 SET character_set_client = @saved_cs_client */;

--
-- Dumping data for table `fomapago`
--

LOCK TABLES `fomapago` WRITE;
/*!40000 ALTER TABLE `fomapago` DISABLE KEYS */;
INSERT INTO `fomapago` VALUES (1,'Contado','1'),(2,'Consignacion','1'),(3,'Tarjeta','1'),(4,'Transferencia Bancaria','1');
/*!40000 ALTER TABLE `fomapago` ENABLE KEYS */;
UNLOCK TABLES;

--
-- Table structure for table `material`
--

DROP TABLE IF EXISTS `material`;
/*!40101 SET @saved_cs_client     = @@character_set_client */;
/*!40101 SET character_set_client = utf8 */;
CREATE TABLE `material` (
  `IdMaterial` int(11) NOT NULL,
  `Descripcion` varchar(100) DEFAULT NULL,
  `Estado` varchar(45) DEFAULT NULL,
  PRIMARY KEY (`IdMaterial`)
) ENGINE=InnoDB DEFAULT CHARSET=utf8;
/*!40101 SET character_set_client = @saved_cs_client */;

--
-- Dumping data for table `material`
--

LOCK TABLES `material` WRITE;
/*!40000 ALTER TABLE `material` DISABLE KEYS */;
INSERT INTO `material` VALUES (1,'Cuero','1'),(2,'Sintético','1'),(3,'Textil','1'),(4,'Caucho','1'),(5,'Plástico','1'),(6,'Madera','1');
/*!40000 ALTER TABLE `material` ENABLE KEYS */;
UNLOCK TABLES;

--
-- Table structure for table `movilidad`
--

DROP TABLE IF EXISTS `movilidad`;
/*!40101 SET @saved_cs_client     = @@character_set_client */;
/*!40101 SET character_set_client = utf8 */;
CREATE TABLE `movilidad` (
  `IdMovilidad` int(11) NOT NULL,
  `Placa` varchar(10) DEFAULT NULL,
  `Marca` varchar(50) DEFAULT NULL,
  `Modelo` varchar(50) DEFAULT NULL,
  `CapacidadAlto` decimal(15,2) DEFAULT NULL,
  `CapacidadLargo` decimal(15,2) DEFAULT NULL,
  `CapacidadAncho` decimal(15,2) DEFAULT NULL,
  PRIMARY KEY (`IdMovilidad`)
) ENGINE=InnoDB DEFAULT CHARSET=utf8;
/*!40101 SET character_set_client = @saved_cs_client */;

--
-- Dumping data for table `movilidad`
--

LOCK TABLES `movilidad` WRITE;
/*!40000 ALTER TABLE `movilidad` DISABLE KEYS */;
INSERT INTO `movilidad` VALUES (1,'ACE-451','Hyundai','Tucson',180.00,120.00,140.00),(2,'RSW-920','Nissan','Qashqai',190.00,110.00,150.00);
/*!40000 ALTER TABLE `movilidad` ENABLE KEYS */;
UNLOCK TABLES;

--
-- Table structure for table `ordenconsignacion`
--

DROP TABLE IF EXISTS `ordenconsignacion`;
/*!40101 SET @saved_cs_client     = @@character_set_client */;
/*!40101 SET character_set_client = utf8 */;
CREATE TABLE `ordenconsignacion` (
  `IdOrdenConsignacion` int(11) NOT NULL,
  `FechaProgramada` date NOT NULL,
  `IdVenta` int(11) NOT NULL,
  `NroCuota` int(11) DEFAULT NULL,
  `MontoCuota` decimal(15,2) DEFAULT NULL,
  `Mora` decimal(15,2) DEFAULT NULL,
  `Estado` char(1) DEFAULT NULL,
  PRIMARY KEY (`IdOrdenConsignacion`,`FechaProgramada`),
  KEY `fk_OrdenConsignacion_Venta1` (`IdVenta`),
  CONSTRAINT `fk_OrdenConsignacion_Venta1` FOREIGN KEY (`IdVenta`) REFERENCES `venta` (`IdVenta`) ON DELETE NO ACTION ON UPDATE NO ACTION
) ENGINE=InnoDB DEFAULT CHARSET=utf8 COMMENT='							';
/*!40101 SET character_set_client = @saved_cs_client */;

--
-- Dumping data for table `ordenconsignacion`
--

LOCK TABLES `ordenconsignacion` WRITE;
/*!40000 ALTER TABLE `ordenconsignacion` DISABLE KEYS */;
INSERT INTO `ordenconsignacion` VALUES (1,'2017-11-08',18,1,124.27,0.00,'1'),(1,'2017-12-08',18,2,124.27,0.00,'1'),(1,'2018-01-07',18,3,124.27,0.00,'1'),(1,'2018-02-06',18,4,124.27,0.00,'1'),(1,'2018-03-08',18,5,124.27,0.00,'1'),(2,'2017-11-08',21,1,14.54,0.00,'1'),(2,'2017-12-08',21,2,14.54,0.00,'1'),(2,'2018-01-07',21,3,14.54,0.00,'1'),(2,'2018-02-06',21,4,14.54,0.00,'1'),(2,'2018-03-08',21,5,14.54,0.00,'1'),(3,'2018-02-10',24,1,23.78,0.00,'1'),(3,'2018-03-12',24,2,23.78,0.00,'1'),(3,'2018-04-11',24,3,23.78,0.00,'1'),(3,'2018-05-11',24,4,23.78,0.00,'1'),(3,'2018-06-10',24,5,23.78,0.00,'1'),(4,'2018-02-10',25,1,23.78,0.00,'1'),(4,'2018-03-12',25,2,23.78,0.00,'1'),(4,'2018-04-11',25,3,23.78,0.00,'1'),(4,'2018-05-11',25,4,23.78,0.00,'1'),(4,'2018-06-10',25,5,23.78,0.00,'1'),(5,'2018-03-12',30,1,59.46,0.00,'1'),(5,'2018-04-11',30,2,59.46,0.00,'1'),(6,'2018-03-12',31,1,210.88,0.00,'1'),(6,'2018-04-11',31,2,210.88,0.00,'1'),(7,'2018-03-12',32,1,50.78,0.00,'1'),(7,'2018-04-11',32,2,50.78,0.00,'1'),(7,'2018-05-11',32,3,50.78,0.00,'1'),(7,'2018-06-10',32,4,50.78,0.00,'1'),(7,'2018-07-10',32,5,50.78,0.00,'1'),(7,'2018-08-09',32,6,50.78,0.00,'1'),(7,'2018-09-08',32,7,50.78,0.00,'1'),(7,'2018-10-08',32,8,50.78,0.00,'1'),(8,'2018-02-17',35,1,54.51,0.00,'1'),(8,'2018-02-24',35,2,54.51,0.00,'1'),(8,'2018-03-03',35,3,54.51,0.00,'1'),(8,'2018-03-10',35,4,54.51,0.00,'1'),(9,'2018-02-17',36,1,54.51,0.00,'1'),(9,'2018-02-24',36,2,54.51,0.00,'1'),(9,'2018-03-03',36,3,54.51,0.00,'1'),(9,'2018-03-10',36,4,54.51,0.00,'1');
/*!40000 ALTER TABLE `ordenconsignacion` ENABLE KEYS */;
UNLOCK TABLES;

--
-- Table structure for table `ordendespacho`
--

DROP TABLE IF EXISTS `ordendespacho`;
/*!40101 SET @saved_cs_client     = @@character_set_client */;
/*!40101 SET character_set_client = utf8 */;
CREATE TABLE `ordendespacho` (
  `IdOrdenDespacho` int(11) NOT NULL,
  `FechaMovilidad` date DEFAULT NULL,
  `UsuarioAtendio` char(15) DEFAULT NULL,
  `FechaAtencion` date DEFAULT NULL,
  `FechaProgramada` date DEFAULT NULL,
  `FechaEntrega` date DEFAULT NULL,
  `IdVenta` int(11) NOT NULL,
  `IidCourrier` int(11) NOT NULL,
  PRIMARY KEY (`IdOrdenDespacho`),
  KEY `fk_OrdenDespacho_Venta1` (`IdVenta`),
  KEY `fk_OrdenDespacho_Courrier1` (`IidCourrier`),
  CONSTRAINT `fk_OrdenDespacho_Courrier1` FOREIGN KEY (`IidCourrier`) REFERENCES `courrier` (`idCourrier`) ON DELETE NO ACTION ON UPDATE NO ACTION,
  CONSTRAINT `fk_OrdenDespacho_Venta1` FOREIGN KEY (`IdVenta`) REFERENCES `venta` (`IdVenta`) ON DELETE NO ACTION ON UPDATE NO ACTION
) ENGINE=InnoDB DEFAULT CHARSET=utf8;
/*!40101 SET character_set_client = @saved_cs_client */;

--
-- Dumping data for table `ordendespacho`
--

LOCK TABLES `ordendespacho` WRITE;
/*!40000 ALTER TABLE `ordendespacho` DISABLE KEYS */;
/*!40000 ALTER TABLE `ordendespacho` ENABLE KEYS */;
UNLOCK TABLES;

--
-- Table structure for table `pagosordenconsignacion`
--

DROP TABLE IF EXISTS `pagosordenconsignacion`;
/*!40101 SET @saved_cs_client     = @@character_set_client */;
/*!40101 SET character_set_client = utf8 */;
CREATE TABLE `pagosordenconsignacion` (
  `IdOrdenConsignacion` int(11) NOT NULL,
  `FechaProgramada` date NOT NULL,
  `Correlativo` int(11) NOT NULL,
  `MontoAbonado` decimal(15,2) DEFAULT NULL,
  `FechaPago` date DEFAULT NULL,
  `NroBoletaPago` char(15) DEFAULT NULL,
  PRIMARY KEY (`IdOrdenConsignacion`,`FechaProgramada`,`Correlativo`),
  CONSTRAINT `fk_PagosOrdenConsignacion_OrdenConsignacion1` FOREIGN KEY (`IdOrdenConsignacion`, `FechaProgramada`) REFERENCES `ordenconsignacion` (`IdOrdenConsignacion`, `FechaProgramada`) ON DELETE NO ACTION ON UPDATE NO ACTION
) ENGINE=InnoDB DEFAULT CHARSET=utf8;
/*!40101 SET character_set_client = @saved_cs_client */;

--
-- Dumping data for table `pagosordenconsignacion`
--

LOCK TABLES `pagosordenconsignacion` WRITE;
/*!40000 ALTER TABLE `pagosordenconsignacion` DISABLE KEYS */;
/*!40000 ALTER TABLE `pagosordenconsignacion` ENABLE KEYS */;
UNLOCK TABLES;

--
-- Table structure for table `partesproducto`
--

DROP TABLE IF EXISTS `partesproducto`;
/*!40101 SET @saved_cs_client     = @@character_set_client */;
/*!40101 SET character_set_client = utf8 */;
CREATE TABLE `partesproducto` (
  `IdComponente` int(11) NOT NULL,
  `IdProducto` int(11) NOT NULL,
  `IdMaterial` int(11) NOT NULL,
  `Descripcion` varchar(100) DEFAULT NULL,
  PRIMARY KEY (`IdComponente`,`IdProducto`),
  KEY `fk_Componente_has_Producto_Producto1` (`IdProducto`),
  KEY `fk_PartesProducto_Material1` (`IdMaterial`),
  CONSTRAINT `fk_Componente_has_Producto_Componente1` FOREIGN KEY (`IdComponente`) REFERENCES `componente` (`IdComponente`) ON DELETE NO ACTION ON UPDATE NO ACTION,
  CONSTRAINT `fk_Componente_has_Producto_Producto1` FOREIGN KEY (`IdProducto`) REFERENCES `producto` (`IdProducto`) ON DELETE NO ACTION ON UPDATE NO ACTION,
  CONSTRAINT `fk_PartesProducto_Material1` FOREIGN KEY (`IdMaterial`) REFERENCES `material` (`IdMaterial`) ON DELETE NO ACTION ON UPDATE NO ACTION
) ENGINE=InnoDB DEFAULT CHARSET=utf8;
/*!40101 SET character_set_client = @saved_cs_client */;

--
-- Dumping data for table `partesproducto`
--

LOCK TABLES `partesproducto` WRITE;
/*!40000 ALTER TABLE `partesproducto` DISABLE KEYS */;
INSERT INTO `partesproducto` VALUES (1,1,3,NULL),(1,2,1,NULL),(1,3,1,NULL),(1,4,3,NULL),(1,5,1,NULL),(1,6,2,NULL),(1,7,1,NULL),(1,8,3,NULL),(1,9,1,NULL),(1,10,2,NULL),(1,11,1,NULL),(1,12,3,NULL),(1,13,1,NULL),(1,14,2,NULL),(1,15,2,NULL),(2,1,2,NULL),(2,2,2,NULL),(2,3,1,NULL),(2,4,3,NULL),(2,5,1,NULL),(2,6,2,NULL),(2,7,1,NULL),(2,8,3,NULL),(2,9,1,NULL),(2,10,2,NULL),(2,11,1,NULL),(2,12,3,NULL),(2,13,1,NULL),(2,14,2,NULL),(2,15,3,NULL),(3,1,3,NULL),(3,2,4,NULL),(3,3,3,NULL),(3,4,2,NULL),(3,5,1,NULL),(3,6,3,NULL),(3,7,3,NULL),(3,8,2,NULL),(3,9,1,NULL),(3,10,3,NULL),(3,11,3,NULL),(3,12,2,NULL),(3,13,1,NULL),(3,14,3,NULL),(3,15,2,NULL),(4,1,4,NULL),(4,2,2,NULL),(4,3,2,NULL),(4,4,2,NULL),(4,5,2,NULL),(4,6,6,NULL),(4,7,2,NULL),(4,8,2,NULL),(4,9,2,NULL),(4,10,6,NULL),(4,11,2,NULL),(4,12,2,NULL),(4,13,2,NULL),(4,14,6,NULL),(4,15,4,NULL),(5,1,6,NULL),(5,2,4,NULL),(5,3,4,NULL),(5,4,4,NULL),(5,5,2,NULL),(5,6,6,NULL),(5,7,4,NULL),(5,8,4,NULL),(5,9,2,NULL),(5,10,6,NULL),(5,11,4,NULL),(5,12,4,NULL),(5,13,2,NULL),(5,14,6,NULL),(5,15,4,NULL);
/*!40000 ALTER TABLE `partesproducto` ENABLE KEYS */;
UNLOCK TABLES;

--
-- Table structure for table `producto`
--

DROP TABLE IF EXISTS `producto`;
/*!40101 SET @saved_cs_client     = @@character_set_client */;
/*!40101 SET character_set_client = utf8 */;
CREATE TABLE `producto` (
  `IdProducto` int(11) NOT NULL,
  `SKU` varchar(20) NOT NULL,
  `Descripcion` varchar(150) DEFAULT NULL,
  `IdTipoProducto` int(11) DEFAULT NULL,
  `Genero` char(1) DEFAULT NULL,
  `PrecioUnitario` decimal(15,2) DEFAULT NULL,
  `PrecioVendedor` decimal(15,2) DEFAULT NULL,
  `Estilo` varchar(50) DEFAULT NULL,
  `Estado` char(1) DEFAULT NULL,
  `StockVenta` int(11) DEFAULT NULL,
  `StockObservado` int(11) DEFAULT NULL,
  `StockCritico` int(11) DEFAULT NULL,
  `FechaUltimaCarga` date DEFAULT NULL,
  `FechaProximaCarga` date DEFAULT NULL,
  `UsuarioGenero` char(15) DEFAULT NULL,
  `FechaGeneracion` date DEFAULT NULL,
  `UsuarioModifico` char(15) DEFAULT NULL,
  `FechaModificacion` date DEFAULT NULL,
  `AltoPaquete` decimal(5,2) DEFAULT NULL,
  `AnchoPaquete` decimal(5,2) DEFAULT NULL,
  `LargoPaquete` decimal(5,2) DEFAULT NULL,
  `Observacion` varchar(500) DEFAULT NULL,
  `IdTemporada` int(11) NOT NULL,
  `IdUMD` int(11) NOT NULL,
  `Peso` decimal(5,2) DEFAULT NULL,
  PRIMARY KEY (`IdProducto`),
  KEY `fk_Producto_Temporada` (`IdTemporada`),
  KEY `fk_Producto_UnidadMedidaDimension1` (`IdUMD`),
  KEY `fk_Producto_TipoProducto1` (`IdTipoProducto`),
  CONSTRAINT `fk_Producto_Temporada` FOREIGN KEY (`IdTemporada`) REFERENCES `temporada` (`IdTemporada`) ON DELETE NO ACTION ON UPDATE NO ACTION,
  CONSTRAINT `fk_Producto_TipoProducto1` FOREIGN KEY (`IdTipoProducto`) REFERENCES `tipoproducto` (`idTipoProducto`) ON DELETE NO ACTION ON UPDATE NO ACTION,
  CONSTRAINT `fk_Producto_UnidadMedidaDimension1` FOREIGN KEY (`IdUMD`) REFERENCES `unidadmedidadimension` (`IdUMD`) ON DELETE NO ACTION ON UPDATE NO ACTION
) ENGINE=InnoDB DEFAULT CHARSET=utf8;
/*!40101 SET character_set_client = @saved_cs_client */;

--
-- Dumping data for table `producto`
--

LOCK TABLES `producto` WRITE;
/*!40000 ALTER TABLE `producto` DISABLE KEYS */;
INSERT INTO `producto` VALUES (1,'ACM19421','Zapato Cuero AS450',1,'F',139.90,118.92,'Americano','1',98,0,25,NULL,NULL,'Admin',NULL,NULL,NULL,35.00,45.00,30.00,NULL,1,1,0.95),(2,'ACM95621','Zapato WS632',1,'F',85.70,72.85,'Americano','1',152,0,32,NULL,NULL,'Admin',NULL,NULL,NULL,30.00,44.00,28.00,NULL,1,1,0.80),(3,'OMD96551','Sandalias TR452',4,'F',146.20,124.27,'Americano','1',150,0,30,NULL,NULL,'Admin',NULL,NULL,NULL,35.00,45.00,30.00,NULL,1,1,0.88),(4,'XAER85115','Zapato BS-456',1,'F',95.00,80.75,'Americano','1',180,0,45,NULL,NULL,'Admin',NULL,NULL,NULL,30.00,44.00,28.00,NULL,1,1,0.92),(5,'OLF2558','SP 9554',3,'F',85.50,72.68,'Americano','1',151,0,32,NULL,NULL,'Admin',NULL,NULL,NULL,30.00,44.00,28.00,NULL,1,1,0.80),(6,'KFM4751','SX 9510',3,'F',75.00,63.75,'Americano','1',160,0,25,NULL,NULL,'Admin',NULL,NULL,NULL,35.00,45.00,30.00,NULL,1,1,0.95),(7,'ERA9654','Zapato',1,'F',99.70,84.75,'Americano','1',210,0,56,NULL,NULL,'Admin',NULL,NULL,NULL,30.00,44.00,28.00,NULL,1,1,0.80),(8,'TDW8542','Sandalias TX 889',4,'F',93.00,79.05,'Americano','1',150,0,30,NULL,NULL,'Admin',NULL,NULL,NULL,35.00,45.00,30.00,NULL,1,1,0.88),(9,'RFW3251','GR 1277',5,'F',85.00,72.25,'Americano','1',180,0,45,NULL,NULL,'Admin',NULL,NULL,NULL,30.00,44.00,28.00,NULL,1,1,0.92),(10,'RTQ3578','SPX 2845',5,'F',74.00,62.90,'Americano','1',85,0,15,NULL,NULL,'Admin',NULL,NULL,NULL,30.00,44.00,28.00,NULL,1,1,0.80),(11,'OKJ6752','Balerina XE 156',3,'F',139.90,118.92,'Americano','1',98,0,25,NULL,NULL,'Admin',NULL,NULL,NULL,35.00,45.00,30.00,NULL,1,1,0.95),(12,'OPE7155','Botas SW 965',2,'F',154.00,130.90,'Americano','1',95,0,32,NULL,NULL,'Admin',NULL,NULL,NULL,30.00,44.00,28.00,NULL,1,1,0.80),(13,'OMD96551','Sandalias FD 741',4,'F',185.00,157.25,'Americano','1',150,0,30,NULL,NULL,'Admin',NULL,NULL,NULL,35.00,45.00,30.00,NULL,1,1,0.88),(14,'XAER85115','Botas AX781',2,'F',96.00,81.60,'Americano','1',175,0,40,NULL,NULL,'Admin',NULL,NULL,NULL,30.00,44.00,28.00,NULL,1,1,0.92),(15,'OLF2558','Botas KE651',2,'F',140.00,119.00,'Americano','1',180,0,28,NULL,NULL,'Admin',NULL,NULL,NULL,30.00,44.00,28.00,NULL,1,1,0.80);
/*!40000 ALTER TABLE `producto` ENABLE KEYS */;
UNLOCK TABLES;

--
-- Table structure for table `productotallacolor`
--

DROP TABLE IF EXISTS `productotallacolor`;
/*!40101 SET @saved_cs_client     = @@character_set_client */;
/*!40101 SET character_set_client = utf8 */;
CREATE TABLE `productotallacolor` (
  `IdProducto` int(11) NOT NULL,
  `IdColorProducto` int(11) NOT NULL,
  `NroTalla` int(11) NOT NULL,
  `StockVenta` int(11) DEFAULT NULL,
  `StockCritico` int(11) DEFAULT NULL,
  `StockObservado` int(11) DEFAULT NULL,
  `Estado` char(1) DEFAULT NULL,
  PRIMARY KEY (`IdProducto`,`IdColorProducto`,`NroTalla`),
  KEY `fk_ColorProducto_has_Talla_ColorProducto1` (`IdColorProducto`),
  KEY `fk_ColorProducto_has_Talla_Talla1` (`NroTalla`),
  CONSTRAINT `fk_ColorProducto_has_Talla_ColorProducto1` FOREIGN KEY (`IdColorProducto`) REFERENCES `colorproducto` (`IdColorProducto`) ON DELETE NO ACTION ON UPDATE NO ACTION,
  CONSTRAINT `fk_ColorProducto_has_Talla_Producto1` FOREIGN KEY (`IdProducto`) REFERENCES `producto` (`IdProducto`) ON DELETE NO ACTION ON UPDATE NO ACTION,
  CONSTRAINT `fk_ColorProducto_has_Talla_Talla1` FOREIGN KEY (`NroTalla`) REFERENCES `talla` (`NroTalla`) ON DELETE NO ACTION ON UPDATE NO ACTION
) ENGINE=InnoDB DEFAULT CHARSET=utf8;
/*!40101 SET character_set_client = @saved_cs_client */;

--
-- Dumping data for table `productotallacolor`
--

LOCK TABLES `productotallacolor` WRITE;
/*!40000 ALTER TABLE `productotallacolor` DISABLE KEYS */;
INSERT INTO `productotallacolor` VALUES (1,5,38,6,5,0,'1'),(1,5,39,0,4,0,'1'),(1,5,40,0,4,0,'1'),(1,5,41,0,4,0,'1'),(1,5,42,15,5,0,'1'),(1,7,38,16,5,0,'1'),(1,7,39,30,4,0,'1'),(1,7,40,32,4,0,'1'),(1,7,41,19,4,0,'1'),(1,7,42,27,5,0,'1'),(2,2,42,10,4,0,'1'),(2,4,38,18,5,0,'1'),(2,4,39,29,4,0,'1'),(2,4,40,32,4,0,'1'),(2,4,41,19,4,0,'1'),(2,4,42,25,5,0,'1'),(3,2,38,18,5,0,'1'),(3,2,39,0,4,0,'1'),(3,2,40,0,4,0,'1'),(3,2,41,8,4,0,'1'),(3,2,42,15,5,0,'1'),(3,3,38,0,5,0,'1'),(3,3,39,0,4,0,'1'),(3,3,40,0,4,0,'1'),(3,3,41,10,4,0,'1'),(3,3,42,15,5,0,'1'),(4,4,38,13,5,0,'1'),(4,4,39,0,4,0,'1'),(4,4,40,0,4,0,'1'),(4,4,41,10,4,0,'1'),(4,4,42,15,5,0,'1'),(4,5,38,18,5,0,'1'),(4,5,39,0,4,0,'1'),(4,5,40,0,4,0,'1'),(4,5,41,10,4,0,'1'),(4,5,42,15,5,0,'1'),(4,7,38,0,5,0,'1'),(4,7,39,0,4,0,'1'),(4,7,40,0,4,0,'1'),(4,7,41,10,4,0,'1'),(4,7,42,15,5,0,'1'),(5,4,38,17,5,0,'1'),(5,4,39,0,4,0,'1'),(5,4,40,0,4,0,'1'),(5,4,41,0,4,0,'1'),(5,4,42,13,5,0,'1'),(5,9,38,17,5,0,'1'),(5,9,39,0,4,0,'1'),(5,9,40,0,4,0,'1'),(5,9,41,6,4,0,'1'),(5,9,42,14,5,0,'1'),(7,3,38,18,5,0,'1'),(7,3,39,32,4,0,'1'),(7,3,40,19,4,0,'1'),(7,3,41,0,4,0,'1'),(7,3,42,15,5,0,'1'),(7,7,38,18,5,0,'1'),(7,7,39,0,4,0,'1'),(7,7,40,0,4,0,'1'),(7,7,41,10,4,0,'1'),(7,7,42,15,5,0,'1'),(8,1,38,18,5,0,'1'),(8,1,39,0,4,0,'1'),(8,1,40,0,4,0,'1'),(8,1,41,10,4,0,'1'),(8,1,42,15,5,0,'1'),(8,9,38,0,5,0,'1'),(8,9,39,0,4,0,'1'),(8,9,40,0,4,0,'1'),(8,9,41,10,4,0,'1'),(8,9,42,15,5,0,'1');
/*!40000 ALTER TABLE `productotallacolor` ENABLE KEYS */;
UNLOCK TABLES;

--
-- Table structure for table `solicitudrevendedor`
--

DROP TABLE IF EXISTS `solicitudrevendedor`;
/*!40101 SET @saved_cs_client     = @@character_set_client */;
/*!40101 SET character_set_client = utf8 */;
CREATE TABLE `solicitudrevendedor` (
  `IdSolicitud` int(11) NOT NULL,
  `IdCliente` int(11) NOT NULL,
  `CodUsuario` char(15) NOT NULL,
  `FechaSolicitud` date DEFAULT NULL,
  `Comentario` varchar(250) DEFAULT NULL,
  `MontoCompraPromedio` decimal(15,2) DEFAULT NULL,
  `UsuarioGeneroSolicitud` char(15) DEFAULT NULL,
  `FechaRespuesta` date DEFAULT NULL,
  `UsuarioRespuesta` char(15) DEFAULT NULL,
  `Estado` char(1) DEFAULT NULL,
  `LineaCredito` decimal(15,2) DEFAULT NULL,
  `LineaCreditoAnterior` decimal(15,2) DEFAULT '0.00',
  PRIMARY KEY (`IdSolicitud`,`IdCliente`,`CodUsuario`),
  KEY `fk_SolicitudRevendedor_Usuario1` (`CodUsuario`),
  CONSTRAINT `fk_SolicitudRevendedor_Usuario1` FOREIGN KEY (`CodUsuario`) REFERENCES `usuario` (`CodUsuario`) ON DELETE NO ACTION ON UPDATE NO ACTION
) ENGINE=InnoDB DEFAULT CHARSET=utf8;
/*!40101 SET character_set_client = @saved_cs_client */;

--
-- Dumping data for table `solicitudrevendedor`
--

LOCK TABLES `solicitudrevendedor` WRITE;
/*!40000 ALTER TABLE `solicitudrevendedor` DISABLE KEYS */;
/*!40000 ALTER TABLE `solicitudrevendedor` ENABLE KEYS */;
UNLOCK TABLES;

--
-- Table structure for table `talla`
--

DROP TABLE IF EXISTS `talla`;
/*!40101 SET @saved_cs_client     = @@character_set_client */;
/*!40101 SET character_set_client = utf8 */;
CREATE TABLE `talla` (
  `NroTalla` int(11) NOT NULL,
  `Estado` char(1) DEFAULT NULL,
  PRIMARY KEY (`NroTalla`)
) ENGINE=InnoDB DEFAULT CHARSET=utf8;
/*!40101 SET character_set_client = @saved_cs_client */;

--
-- Dumping data for table `talla`
--

LOCK TABLES `talla` WRITE;
/*!40000 ALTER TABLE `talla` DISABLE KEYS */;
INSERT INTO `talla` VALUES (35,'1'),(36,'1'),(37,'1'),(38,'1'),(39,'1'),(40,'1'),(41,'1'),(42,'1'),(43,'1'),(44,'1');
/*!40000 ALTER TABLE `talla` ENABLE KEYS */;
UNLOCK TABLES;

--
-- Table structure for table `temporada`
--

DROP TABLE IF EXISTS `temporada`;
/*!40101 SET @saved_cs_client     = @@character_set_client */;
/*!40101 SET character_set_client = utf8 */;
CREATE TABLE `temporada` (
  `IdTemporada` int(11) NOT NULL,
  `Descripcion` varchar(100) DEFAULT NULL,
  `Estado` char(1) DEFAULT NULL,
  PRIMARY KEY (`IdTemporada`)
) ENGINE=InnoDB DEFAULT CHARSET=utf8;
/*!40101 SET character_set_client = @saved_cs_client */;

--
-- Dumping data for table `temporada`
--

LOCK TABLES `temporada` WRITE;
/*!40000 ALTER TABLE `temporada` DISABLE KEYS */;
INSERT INTO `temporada` VALUES (1,'Primavera-Verano','1'),(2,'Verano-Otoño','1'),(3,'Otoño-Invierno','1'),(4,'Invierno-Primavera','1');
/*!40000 ALTER TABLE `temporada` ENABLE KEYS */;
UNLOCK TABLES;

--
-- Table structure for table `tipoproducto`
--

DROP TABLE IF EXISTS `tipoproducto`;
/*!40101 SET @saved_cs_client     = @@character_set_client */;
/*!40101 SET character_set_client = utf8 */;
CREATE TABLE `tipoproducto` (
  `idTipoProducto` int(11) NOT NULL,
  `Descripcion` varchar(150) DEFAULT NULL,
  `Estado` char(1) DEFAULT NULL,
  PRIMARY KEY (`idTipoProducto`)
) ENGINE=InnoDB DEFAULT CHARSET=utf8;
/*!40101 SET character_set_client = @saved_cs_client */;

--
-- Dumping data for table `tipoproducto`
--

LOCK TABLES `tipoproducto` WRITE;
/*!40000 ALTER TABLE `tipoproducto` DISABLE KEYS */;
INSERT INTO `tipoproducto` VALUES (1,'Zapatos','1'),(2,'Botas','1'),(3,'Balerinas','1'),(4,'Sandalias','1'),(5,'Botines','1'),(6,'Casual','1');
/*!40000 ALTER TABLE `tipoproducto` ENABLE KEYS */;
UNLOCK TABLES;

--
-- Table structure for table `tipousuario`
--

DROP TABLE IF EXISTS `tipousuario`;
/*!40101 SET @saved_cs_client     = @@character_set_client */;
/*!40101 SET character_set_client = utf8 */;
CREATE TABLE `tipousuario` (
  `IdTipoUsuario` int(11) NOT NULL,
  `Descripion` varchar(150) DEFAULT NULL,
  `Estado` char(1) DEFAULT NULL,
  PRIMARY KEY (`IdTipoUsuario`)
) ENGINE=InnoDB DEFAULT CHARSET=utf8;
/*!40101 SET character_set_client = @saved_cs_client */;

--
-- Dumping data for table `tipousuario`
--

LOCK TABLES `tipousuario` WRITE;
/*!40000 ALTER TABLE `tipousuario` DISABLE KEYS */;
INSERT INTO `tipousuario` VALUES (1,'Cliente','1'),(2,'Revendedor','1'),(3,'Gerente','1'),(4,'Cobranza','1'),(5,'Almacen','1');
/*!40000 ALTER TABLE `tipousuario` ENABLE KEYS */;
UNLOCK TABLES;

--
-- Table structure for table `unidadmedidadimension`
--

DROP TABLE IF EXISTS `unidadmedidadimension`;
/*!40101 SET @saved_cs_client     = @@character_set_client */;
/*!40101 SET character_set_client = utf8 */;
CREATE TABLE `unidadmedidadimension` (
  `IdUMD` int(11) NOT NULL,
  `Descripcion` varchar(100) DEFAULT NULL,
  `Codigo` varchar(5) DEFAULT NULL,
  PRIMARY KEY (`IdUMD`)
) ENGINE=InnoDB DEFAULT CHARSET=utf8;
/*!40101 SET character_set_client = @saved_cs_client */;

--
-- Dumping data for table `unidadmedidadimension`
--

LOCK TABLES `unidadmedidadimension` WRITE;
/*!40000 ALTER TABLE `unidadmedidadimension` DISABLE KEYS */;
INSERT INTO `unidadmedidadimension` VALUES (1,'Centimetro','cm.'),(2,'Pies','Ft.');
/*!40000 ALTER TABLE `unidadmedidadimension` ENABLE KEYS */;
UNLOCK TABLES;

--
-- Table structure for table `usuario`
--

DROP TABLE IF EXISTS `usuario`;
/*!40101 SET @saved_cs_client     = @@character_set_client */;
/*!40101 SET character_set_client = utf8 */;
CREATE TABLE `usuario` (
  `CodUsuario` char(15) NOT NULL,
  `IdCliente` int(11) DEFAULT NULL,
  `Password` varchar(15) DEFAULT NULL,
  `FechaCreacion` date DEFAULT NULL,
  `CorreoElectronico` varchar(100) DEFAULT NULL,
  `Estado` char(1) DEFAULT NULL,
  `IdTipoUsuario` int(11) NOT NULL,
  PRIMARY KEY (`CodUsuario`),
  KEY `fk_Usuario_TipoUsuario1` (`IdTipoUsuario`),
  KEY `fk_Usuario_Cliente1` (`IdCliente`),
  CONSTRAINT `fk_Usuario_Cliente1` FOREIGN KEY (`IdCliente`) REFERENCES `cliente` (`IdCliente`) ON DELETE NO ACTION ON UPDATE NO ACTION,
  CONSTRAINT `fk_Usuario_TipoUsuario1` FOREIGN KEY (`IdTipoUsuario`) REFERENCES `tipousuario` (`IdTipoUsuario`) ON DELETE NO ACTION ON UPDATE NO ACTION
) ENGINE=InnoDB DEFAULT CHARSET=utf8;
/*!40101 SET character_set_client = @saved_cs_client */;

--
-- Dumping data for table `usuario`
--

LOCK TABLES `usuario` WRITE;
/*!40000 ALTER TABLE `usuario` DISABLE KEYS */;
INSERT INTO `usuario` VALUES ('Usuario1',1,'MTIzNDU2Nzg5',NULL,'prueba1@gmail.com','1',1),('Usuario2',2,'MTIzNDU2Nzg5',NULL,'prueba2@gmail.com','1',1),('Usuario3',3,'MTIzNDU2Nzg5',NULL,'prueba3@gmail.com','1',1),('Usuario4',4,'MTIzNDU2Nzg5',NULL,'prueba4@gmail.com','1',1),('Usuario5',5,'MTIzNDU2Nzg5',NULL,'prueba5@gmail.com','1',1),('Usuario6',6,'MTIzNDU2Nzg5',NULL,'prueba6@gmail.com','1',2),('Usuario7',7,'MTIzNDU2Nzg5',NULL,'prueba7@gmail.com','1',2);
/*!40000 ALTER TABLE `usuario` ENABLE KEYS */;
UNLOCK TABLES;

--
-- Table structure for table `venta`
--

DROP TABLE IF EXISTS `venta`;
/*!40101 SET @saved_cs_client     = @@character_set_client */;
/*!40101 SET character_set_client = utf8 */;
CREATE TABLE `venta` (
  `IdVenta` int(11) NOT NULL,
  `IdCliente` int(11) NOT NULL,
  `FechaVenta` date DEFAULT NULL,
  `SubTotal` decimal(15,2) DEFAULT NULL,
  `IGV` decimal(15,2) DEFAULT NULL,
  `Descuento` decimal(15,2) DEFAULT NULL,
  `Total` decimal(15,2) DEFAULT NULL,
  `MontoEntrega` decimal(15,2) DEFAULT NULL,
  `TotalVenta` decimal(15,2) DEFAULT NULL,
  `NroCuotas` int(11) DEFAULT NULL,
  `TipoRecojo` char(1) DEFAULT NULL,
  `UsuarioModifico` char(15) DEFAULT NULL,
  `FechaModifico` date DEFAULT NULL,
  `UsuarioAnulo` char(15) DEFAULT NULL,
  `FechaAnulo` date DEFAULT NULL,
  `NumOperaBancaria` char(15) DEFAULT NULL,
  `FechaOperaBancaria` date DEFAULT NULL,
  `CodTrxTarjeta` varchar(15) DEFAULT NULL,
  `FechTrxTarjeta` date DEFAULT NULL,
  `Estado` char(1) DEFAULT NULL,
  `CodUbigeoCosto` char(9) DEFAULT NULL,
  `IdFomaPago` int(11) NOT NULL,
  `IdCuponDescuento` int(11) DEFAULT NULL,
  `DireccionEntrega` varchar(150) DEFAULT NULL,
  `IdEstadoVenta` int(11) DEFAULT NULL,
  `IdBancos` int(11) DEFAULT NULL,
  `NroCuenta` varchar(16) DEFAULT NULL,
  PRIMARY KEY (`IdVenta`),
  KEY `fk_Venta_CostoUbigeo1` (`CodUbigeoCosto`),
  KEY `fk_Venta_FomaPago1` (`IdFomaPago`),
  KEY `fk_Venta_CuponDescuento1` (`IdCuponDescuento`),
  KEY `fk_Venta_Cliente1` (`IdCliente`),
  KEY `fk_Venta_EstadoVenta1_idx` (`IdEstadoVenta`),
  CONSTRAINT `fk_Venta_Cliente1` FOREIGN KEY (`IdCliente`) REFERENCES `cliente` (`IdCliente`) ON DELETE NO ACTION ON UPDATE NO ACTION,
  CONSTRAINT `fk_Venta_EstadoVenta1` FOREIGN KEY (`IdEstadoVenta`) REFERENCES `estadoventa` (`IdEstadoVenta`) ON DELETE NO ACTION ON UPDATE NO ACTION,
  CONSTRAINT `fk_Venta_FomaPago1` FOREIGN KEY (`IdFomaPago`) REFERENCES `fomapago` (`IdFomaPago`) ON DELETE NO ACTION ON UPDATE NO ACTION
) ENGINE=InnoDB DEFAULT CHARSET=utf8;
/*!40101 SET character_set_client = @saved_cs_client */;

--
-- Dumping data for table `venta`
--

LOCK TABLES `venta` WRITE;
/*!40000 ALTER TABLE `venta` DISABLE KEYS */;
INSERT INTO `venta` VALUES (1,2,'2017-10-09',455.55,100.00,0.00,555.55,0.00,555.55,0,'0','',NULL,'',NULL,'',NULL,NULL,NULL,'3','000000',1,NULL,'',2,NULL,''),(2,2,'2017-10-09',455.55,100.00,0.00,555.55,0.00,555.55,0,'0','',NULL,'',NULL,'',NULL,NULL,NULL,'3','000000',1,NULL,'Recojo en Almacen Principal de GinoBigioni',2,NULL,''),(3,6,'2017-10-09',97.51,21.41,0.00,118.92,0.00,118.92,0,'0','',NULL,'',NULL,'',NULL,NULL,NULL,'3','000000',1,NULL,'Recojo en Almacen Principal de GinoBigioni',2,NULL,''),(4,6,'2017-10-09',97.51,21.41,0.00,118.92,0.00,118.92,0,'0','',NULL,'',NULL,'',NULL,NULL,NULL,'3','000000',1,NULL,'Recojo en Almacen Principal de GinoBigioni',2,NULL,''),(5,6,'2017-10-09',97.51,21.41,0.00,118.92,0.00,118.92,0,'0','',NULL,'',NULL,'',NULL,NULL,NULL,'3','000000',1,NULL,'Recojo en Almacen Principal de GinoBigioni',2,NULL,''),(6,6,'2017-10-09',97.51,21.41,0.00,118.92,0.00,118.92,0,'0','',NULL,'',NULL,'',NULL,NULL,NULL,'3','000000',1,NULL,'Recojo en Almacen Principal de GinoBigioni',2,NULL,''),(7,6,'2017-10-09',97.51,21.41,0.00,118.92,0.00,118.92,0,'0','',NULL,'',NULL,'',NULL,NULL,NULL,'3','000000',1,NULL,'Recojo en Almacen Principal de GinoBigioni',2,NULL,''),(8,6,'2017-10-09',97.51,21.41,0.00,118.92,0.00,118.92,0,'0','',NULL,'',NULL,'',NULL,NULL,NULL,'3','000000',1,NULL,'Recojo en Almacen Principal de GinoBigioni',2,NULL,''),(9,6,'2017-10-09',97.51,21.41,0.00,118.92,0.00,118.92,0,'0','',NULL,'',NULL,'',NULL,NULL,NULL,'3','000000',1,NULL,'Recojo en Almacen Principal de GinoBigioni',2,NULL,''),(10,6,'2017-10-09',97.51,21.41,0.00,118.92,0.00,118.92,0,'0','',NULL,'',NULL,'',NULL,NULL,NULL,'3','000000',1,NULL,'Recojo en Almacen Principal de GinoBigioni',2,NULL,''),(11,6,'2017-10-09',97.51,21.41,0.00,118.92,0.00,118.92,0,'0','',NULL,'',NULL,'',NULL,NULL,NULL,'3','000000',1,NULL,'Recojo en Almacen Principal de GinoBigioni',2,NULL,''),(12,6,'2017-10-09',97.51,21.41,0.00,118.92,0.00,118.92,0,'0','',NULL,'',NULL,'',NULL,NULL,NULL,'3','000000',1,NULL,'Recojo en Almacen Principal de GinoBigioni',2,NULL,''),(13,6,'2017-10-09',92.06,20.21,0.00,112.27,12.00,124.27,0,'1','',NULL,'',NULL,'',NULL,NULL,NULL,'3','150101',3,NULL,'',2,NULL,''),(14,6,'2017-10-09',92.06,20.21,0.00,112.27,12.00,124.27,0,'1','',NULL,'',NULL,'',NULL,NULL,NULL,'3','150101',3,NULL,'',2,NULL,''),(15,6,'2017-10-09',92.06,20.21,0.00,112.27,12.00,124.27,0,'1','',NULL,'',NULL,'',NULL,NULL,NULL,'2','150101',4,NULL,'',2,2,''),(16,6,'2017-10-09',97.51,21.41,0.00,118.92,0.00,118.92,0,'0','',NULL,'',NULL,'',NULL,NULL,NULL,'3','000000',1,NULL,'Recojo en Almacen Principal de GinoBigioni',2,NULL,''),(17,6,'2017-10-09',97.51,21.41,0.00,118.92,0.00,118.92,0,'0','',NULL,'',NULL,'',NULL,NULL,NULL,'3','000000',1,NULL,'Recojo en Almacen Principal de GinoBigioni',2,NULL,''),(18,6,'2017-10-09',509.51,111.84,0.00,621.35,0.00,621.35,5,'0','',NULL,'',NULL,'',NULL,NULL,NULL,'1','000000',2,NULL,'Recojo en Almacen Principal de GinoBigioni',2,NULL,''),(19,6,'2017-10-09',169.37,37.18,0.00,206.55,12.00,218.55,0,'1','',NULL,'',NULL,'',NULL,NULL,NULL,'3','150101',3,NULL,'',2,NULL,''),(20,6,'2017-10-09',295.86,64.95,0.00,360.81,12.00,372.81,0,'1','',NULL,'',NULL,'',NULL,NULL,NULL,'2','150101',4,NULL,'',2,2,''),(21,6,'2017-10-09',49.76,10.92,0.00,60.68,12.00,72.68,5,'1','',NULL,'',NULL,'',NULL,NULL,NULL,'1','150101',2,NULL,'',2,NULL,''),(22,6,'2017-10-09',97.51,21.41,0.00,118.92,0.00,118.92,0,'0','',NULL,'',NULL,'',NULL,NULL,NULL,'3','000000',1,NULL,'Recojo en Almacen Principal de GinoBigioni',2,NULL,''),(23,6,'2018-01-11',97.51,21.41,0.00,118.92,0.00,118.92,0,'0','',NULL,'',NULL,'',NULL,NULL,NULL,'3','000000',1,NULL,'Recojo en Almacen Principal de GinoBigioni',2,NULL,''),(24,6,'2018-01-11',97.51,21.41,0.00,118.92,0.00,118.92,5,'0','',NULL,'',NULL,'',NULL,NULL,NULL,'1','000000',2,NULL,'Recojo en Almacen Principal de GinoBigioni',2,NULL,''),(25,6,'2018-01-11',97.51,21.41,0.00,118.92,0.00,118.92,5,'0','',NULL,'',NULL,'',NULL,NULL,NULL,'1','000000',2,NULL,'Recojo en Almacen Principal de GinoBigioni',2,NULL,''),(26,6,'2018-01-29',97.51,21.41,0.00,118.92,0.00,118.92,0,'0','',NULL,'',NULL,'',NULL,NULL,NULL,'3','000000',1,NULL,'Recojo en Almacen Principal de GinoBigioni',2,NULL,''),(27,6,'2018-01-29',97.51,21.41,0.00,118.92,0.00,118.92,0,'0','',NULL,'',NULL,'',NULL,NULL,NULL,'2','000000',4,NULL,'Recojo en Almacen Principal de GinoBigioni',2,2,''),(28,6,'2018-01-30',97.51,21.41,0.00,118.92,0.00,118.92,0,'0','',NULL,'',NULL,'',NULL,NULL,NULL,'3','000000',1,NULL,'Recojo en Almacen Principal de GinoBigioni',2,NULL,''),(29,6,'2018-02-10',119.20,26.16,0.00,145.36,0.00,145.36,0,'0','',NULL,'',NULL,'',NULL,NULL,NULL,'3','000000',1,NULL,'Recojo en Almacen Principal de GinoBigioni',2,NULL,''),(30,6,'2018-02-10',97.51,21.41,0.00,118.92,0.00,118.92,2,'0','',NULL,'',NULL,'',NULL,NULL,NULL,'1','000000',2,NULL,'Recojo en Almacen Principal de GinoBigioni',2,NULL,''),(31,6,'2018-02-10',331.07,72.68,0.00,403.75,18.00,421.75,2,'1','',NULL,'',NULL,'',NULL,NULL,NULL,'1','030305',2,NULL,'selva',2,NULL,''),(32,6,'2018-02-10',323.28,70.96,0.00,394.24,12.00,406.24,8,'1','',NULL,'',NULL,'',NULL,NULL,NULL,'1','150101',2,NULL,'Valle',2,NULL,''),(33,6,'2018-02-10',59.74,13.11,0.00,72.85,0.00,72.85,0,'0','',NULL,'',NULL,'',NULL,NULL,NULL,'2','000000',4,NULL,'Recojo en Almacen Principal de GinoBigioni',2,3,''),(34,6,'2018-02-10',59.60,13.08,0.00,72.68,15.00,87.68,0,'1','',NULL,'',NULL,'',NULL,NULL,NULL,'3','150104',1,NULL,'Av. Lima 452, cerca al colegio Arnaez',2,NULL,''),(35,6,'2018-02-10',178.79,39.25,0.00,218.04,0.00,218.04,4,'0','',NULL,'',NULL,'',NULL,NULL,NULL,'1','000000',2,NULL,'Recojo en Almacen Principal de GinoBigioni',2,NULL,''),(36,6,'2018-02-10',178.79,39.25,0.00,218.04,0.00,218.04,4,'0','',NULL,'',NULL,'',NULL,NULL,NULL,'1','000000',2,NULL,'Recojo en Almacen Principal de GinoBigioni',1,NULL,'');
/*!40000 ALTER TABLE `venta` ENABLE KEYS */;
UNLOCK TABLES;

--
-- Dumping events for database 'ginobigionibd'
--

--
-- Dumping routines for database 'ginobigionibd'
--
/*!50003 DROP PROCEDURE IF EXISTS `SP_DetalleProducto` */;
/*!50003 SET @saved_cs_client      = @@character_set_client */ ;
/*!50003 SET @saved_cs_results     = @@character_set_results */ ;
/*!50003 SET @saved_col_connection = @@collation_connection */ ;
/*!50003 SET character_set_client  = utf8 */ ;
/*!50003 SET character_set_results = utf8 */ ;
/*!50003 SET collation_connection  = utf8_general_ci */ ;
/*!50003 SET @saved_sql_mode       = @@sql_mode */ ;
/*!50003 SET sql_mode              = 'STRICT_TRANS_TABLES,NO_AUTO_CREATE_USER,NO_ENGINE_SUBSTITUTION' */ ;
DELIMITER ;;
CREATE DEFINER=`root`@`localhost` PROCEDURE `SP_DetalleProducto`(
CodProducto int,
CodColor int,
StrFlag char(1)
)
BEGIN
If StrFlag = '1' then
		Select p.idproducto,p.SKU,p.Descripcion,p.Estilo,c.IdComponente , c.DescComponente as Componente ,
			m.idmaterial ,m.descripcion as Material, p.PrecioUnitario, p.PrecioVendedor from partesproducto pp inner join Producto p 
    on pp.IdProducto = p.IdProducto
    inner join Material m
    on m.IdMaterial = pp.IdMaterial
    inner join componente c
    on pp.IdComponente = c.IdComponente
    where p.IdProducto = CodProducto;


End If;

If StrFlag = '2' then -- Retorna Colores
	Select distinct cp.IdColorProducto as IdColor, cp.Color from producto p 
    inner join productotallacolor ptc
    on p.IdProducto = ptc.IdProducto 
    inner join colorproducto cp
    on cp.IdColorProducto = ptc.IdColorProducto
    where p.IdProducto = CodProducto and ptc.StockVenta > 0 and p.estado = '1' ;
End If;

If StrFlag = '3' then -- Retorna talla y stock por colores y producto
	Select ptc.NroTalla, ptc.StockVenta from productotallacolor  ptc
    where ptc.IdProducto = CodProducto and ptc.IdColorProducto = CodColor and ptc.StockVenta > 0 ;
End If;

/*
Call SP_DetalleProducto (1,0,'1') -- 1er Caso Retorna Detalle de Zapatos

Call SP_DetalleProducto (2,0,'2') -- 2do Caso Retorna colores

Call SP_DetalleProducto (2,3,'3') -- 2do Caso Retorna tallas y stock

*/

END ;;
DELIMITER ;
/*!50003 SET sql_mode              = @saved_sql_mode */ ;
/*!50003 SET character_set_client  = @saved_cs_client */ ;
/*!50003 SET character_set_results = @saved_cs_results */ ;
/*!50003 SET collation_connection  = @saved_col_connection */ ;
/*!50003 DROP PROCEDURE IF EXISTS `SP_FiltrosVenta` */;
/*!50003 SET @saved_cs_client      = @@character_set_client */ ;
/*!50003 SET @saved_cs_results     = @@character_set_results */ ;
/*!50003 SET @saved_col_connection = @@collation_connection */ ;
/*!50003 SET character_set_client  = utf8 */ ;
/*!50003 SET character_set_results = utf8 */ ;
/*!50003 SET collation_connection  = utf8_general_ci */ ;
/*!50003 SET @saved_sql_mode       = @@sql_mode */ ;
/*!50003 SET sql_mode              = 'STRICT_TRANS_TABLES,NO_AUTO_CREATE_USER,NO_ENGINE_SUBSTITUTION' */ ;
DELIMITER ;;
CREATE DEFINER=`root`@`localhost` PROCEDURE `SP_FiltrosVenta`(
DescProducto varchar(100),
DescTipoProd varchar(100),
DEscTalla int, 
DescColor varchar(100),
DescTemporada varchar(100),
PrecioIni double(15,2),
PrecioFin double(15,2)
)
BEGIN

Declare QueryPrincipal varchar(1000) default '';
Declare StrFiltros varchar(800);
Declare FlagFiltro boolean default false;
Declare NroFiltros int default 0;

set DescProducto = upper(DescProducto);
set DescTipoProd = upper(DescTipoProd);
set DescColor = upper(DescColor);
set DescTemporada = upper(DescTemporada);

   set QueryPrincipal= Concat('Select 	p.IdProducto,p.SKU,p.Descripcion, Tp.Descripcion as TipoProducto, ', 
					't.descripcion as Temporada,cp.Color, ',
					'Concat(ptc.IdColorProducto, "") AS idColor, Ta.NroTalla,ptc.StockVenta,p.PrecioUnitario,p.PrecioVendedor ',
            'from producto p inner join tipoproducto Tp ',
            'on tp.IdTipoProducto = p.IdTipoProducto ',
            'inner join Temporada t ',
            'on t.idtemporada = p.IdTemporada ',
            'inner join productotallacolor ptc ',
            'on ptc.IdProducto = p.IdProducto ',
            'inner join colorproducto cp ',
            'on cp.IdColorProducto = ptc.IdColorProducto ',
            'inner join talla Ta ',
            'on Ta.NroTalla = ptc.NroTalla ') ;

if trim(DescProducto) <> '' or trim(DescTipoProd) <> '' or trim(DEscTalla) > 0 or trim(DescColor) <> '' or 
	trim(DescTemporada) <> '' or PrecioIni > 0 or PrecioFin > 0 then
    set QueryPrincipal  = Concat(QueryPrincipal,' where ptc.StockVenta > 0 and ptc.Estado = 1 ');
    set NroFiltros = NroFiltros + 1;
    set FlagFiltro = true;
End IF;    

If FlagFiltro then
-- Filtro Nombre Producto
	 if trim(DescProducto) <> '' then
		If NroFiltros > 0 then
			set QueryPrincipal = concat(QueryPrincipal,' and '); 
        End If; 
		set StrFiltros = concat(' upper(p.Descripcion) Like ''%',DescProducto,'%''');
		set QueryPrincipal  = Concat(QueryPrincipal,StrFiltros);
		set NroFiltros = NroFiltros + 1;
	End IF;

-- Filtro Tipo Producto
	 if trim(DescTipoProd) <> '' then
		If NroFiltros > 0 then
			set QueryPrincipal = concat(QueryPrincipal,' and '); 
        End If; 
		set StrFiltros = concat('upper(Tp.Descripcion) Like ''%',DescTipoProd,'%''');
		set QueryPrincipal  = Concat(QueryPrincipal,StrFiltros);
		set NroFiltros = NroFiltros + 1;
	End IF;
    
-- Filtro Talla
	 if DEscTalla > 0 then
		If NroFiltros > 0 then
			set QueryPrincipal = concat(QueryPrincipal,' and '); 
        End If; 
		set StrFiltros = concat(' ta.NroTalla = ',DEscTalla);
		set QueryPrincipal  = Concat(QueryPrincipal,StrFiltros);
		set NroFiltros = NroFiltros + 1;
	End IF;
    
-- Filtro Color
	 if DescColor <> '' then
		If NroFiltros > 0 then
			set QueryPrincipal = concat(QueryPrincipal,' and '); 
        End If; 
		set StrFiltros = concat(' upper(cp.Color) like ''%',DescColor,'%''');
		set QueryPrincipal  = Concat(QueryPrincipal,StrFiltros);
		set NroFiltros = NroFiltros + 1;
	End IF;
    
-- Filtro Temporada

	 if DescTemporada <> '' then
		If NroFiltros > 0 then
			set QueryPrincipal = concat(QueryPrincipal,' and '); 
        End If; 
		set StrFiltros = concat(' upper(t.descripcion) like ''%',DescTemporada,'%''');
		set QueryPrincipal  = Concat(QueryPrincipal,StrFiltros);
		set NroFiltros = NroFiltros + 1;
	End IF;

-- Filtro Precios 
	 if PrecioIni > 0 or PrecioFin > 0 then
		If NroFiltros > 0 then
			set QueryPrincipal = concat(QueryPrincipal,' and '); 
        End If; 
        
        If PrecioIni > 0 and PrecioFin > 0 then
        		set StrFiltros = concat(' p.PrecioUnitario >= ',PrecioIni);
                set QueryPrincipal  = Concat(QueryPrincipal,StrFiltros);
                set StrFiltros = concat(' and p.PrecioUnitario <= ',PrecioFin);
				set QueryPrincipal  = Concat(QueryPrincipal,StrFiltros);
				set NroFiltros = NroFiltros + 1;
        Else
			If PrecioIni > 0 and PrecioFin = 0 then
                	set StrFiltros = concat(' p.PrecioUnitario >= ',PrecioIni);
					set QueryPrincipal  = Concat(QueryPrincipal,StrFiltros);
					set NroFiltros = NroFiltros + 1;
			else
                    set StrFiltros = concat(' p.PrecioUnitario <= ',PrecioFin);
					set QueryPrincipal  = Concat(QueryPrincipal,StrFiltros);
					set NroFiltros = NroFiltros + 1;
            End If;
        End If;
        
		         
	End IF;
Else

	set QueryPrincipal  = Concat(QueryPrincipal,' where ptc.StockVenta > 0 and ptc.Estado = 1 ');

End If;

   -- select NroFiltros,QueryPrincipal;

		SET @myquery = QueryPrincipal;
			PREPARE stmt2 FROM @myquery;
			EXECUTE stmt2;
END ;;
DELIMITER ;
/*!50003 SET sql_mode              = @saved_sql_mode */ ;
/*!50003 SET character_set_client  = @saved_cs_client */ ;
/*!50003 SET character_set_results = @saved_cs_results */ ;
/*!50003 SET collation_connection  = @saved_col_connection */ ;
/*!50003 DROP PROCEDURE IF EXISTS `SP_GenerarDocumento` */;
/*!50003 SET @saved_cs_client      = @@character_set_client */ ;
/*!50003 SET @saved_cs_results     = @@character_set_results */ ;
/*!50003 SET @saved_col_connection = @@collation_connection */ ;
/*!50003 SET character_set_client  = utf8 */ ;
/*!50003 SET character_set_results = utf8 */ ;
/*!50003 SET collation_connection  = utf8_general_ci */ ;
/*!50003 SET @saved_sql_mode       = @@sql_mode */ ;
/*!50003 SET sql_mode              = 'STRICT_TRANS_TABLES,NO_AUTO_CREATE_USER,NO_ENGINE_SUBSTITUTION' */ ;
DELIMITER ;;
CREATE DEFINER=`root`@`localhost` PROCEDURE `SP_GenerarDocumento`(
ParmIdVenta              int(11),
ParmTipoDocumento        char(1), -- 0: BOleta de pago / 1: Factura
ParmIdFormaPago          int(11), -- Forma en la que realizo el pago
ParmRuc                  char(11), -- RUC De los que son Factura
ParmRazonSocial          varchar(200) -- Razon Social de los que son Factura
)
BEGIN
-- Declarando Variables
declare NewNroSerieNum int default 0;
declare NewCodDocumentoNum int default 0;
Declare NewNroSerie  char(5);
Declare NewCodDocumento char(8);
declare VarRUC char(11) default '';
declare VarCodCliente int;
Declare FechaPago date default null; 
/*
DECLARE exit handler for sqlexception
  BEGIN
    select '0' as Resultado;
  ROLLBACK;
END;

DECLARE exit handler for sqlwarning
 BEGIN
    select '2' as Resultado;
 ROLLBACK;
END;
*/

START TRANSACTION;

-- Quitando espacios a parametros de caracter
Select Cast(iFnull(Max(NroSerie),'00001') as unsigned), cast(iFnull(Max(CodDocumento),'00000000') as unsigned)  into NewNroSerieNum , NewCodDocumentoNum 
from documentopago
where TipoDocumento = ParmTipoDocumento; 

set NewCodDocumentoNum = NewCodDocumentoNum + 1;
select cast(NewNroSerieNum as char(5)) into NewNroSerie;
select cast(NewCodDocumentoNum as char(8)) into NewCodDocumento;


select right(concat('0000000',NewNroSerie),5) into NewNroSerie;
select right(concat('0000000',NewCodDocumento),8) into NewCodDocumento;



If ParmTipoDocumento = '1' then -- Factura
	set  VarRUC = ParmRuc;
else  -- Boleta
	select IdCliente into VarCodCliente from venta where idventa = 1 ;
	select c.NrodocumentoIdentidad, Ltrim(Rtrim(concat(Nombres,' ',ApellidoPaterno,' ',ApellidoMaterno))) into VarRUC,ParmRazonSocial from Cliente c	
	where c.idcliente = VarCodCliente;
	
End If;

If ParmIdFormaPago = 3 then
	set FechaPago = curdate();
End If;


 INSERT INTO `ginobigionibd`.`documentopago`
(`TipoDocumento`,`NroSerie`,`CodDocumento`,`NroRuc`,`RazonSocial`,`FechaPago`,`UsuarioGenero`,`FehaGeneracion`,`UsuarioModifico`,`FechaModificacion`,`Venta_idVenta`)
VALUES
(ParmTipoDocumento,NewNroSerie,NewCodDocumento,VarRUC,ParmRazonSocial,FechaPago,'System',curdate(),'',null,ParmIdVenta);


/*
CALL `ginobigionibd`.`SP_GenerarDocumento`(1, 1, 2);
*/

COMMIT;

END ;;
DELIMITER ;
/*!50003 SET sql_mode              = @saved_sql_mode */ ;
/*!50003 SET character_set_client  = @saved_cs_client */ ;
/*!50003 SET character_set_results = @saved_cs_results */ ;
/*!50003 SET collation_connection  = @saved_col_connection */ ;
/*!50003 DROP PROCEDURE IF EXISTS `SP_MuestraLineaCredito` */;
/*!50003 SET @saved_cs_client      = @@character_set_client */ ;
/*!50003 SET @saved_cs_results     = @@character_set_results */ ;
/*!50003 SET @saved_col_connection = @@collation_connection */ ;
/*!50003 SET character_set_client  = utf8 */ ;
/*!50003 SET character_set_results = utf8 */ ;
/*!50003 SET collation_connection  = utf8_general_ci */ ;
/*!50003 SET @saved_sql_mode       = @@sql_mode */ ;
/*!50003 SET sql_mode              = 'STRICT_TRANS_TABLES,NO_AUTO_CREATE_USER,NO_ENGINE_SUBSTITUTION' */ ;
DELIMITER ;;
CREATE DEFINER=`root`@`localhost` PROCEDURE `SP_MuestraLineaCredito`(
ParmIdCliente              int(11)
)
BEGIN
-- Declarando Variables
declare VarLineaCreditoTotal double(15,2);
declare VarLineaCreditoSaldo double(15,2);
declare VarDeudaTotal double(15,2);

/*
DECLARE exit handler for sqlexception
  BEGIN
    select '0' as Resultado;
  ROLLBACK;
END;

DECLARE exit handler for sqlwarning
 BEGIN
    select '2' as Resultado;
 ROLLBACK;
END;
*/

START TRANSACTION;

select LineaCreditoActual as LineaCreditoTotal, SaldoLineaCredito as LineaCreditoDisponible, (LineaCreditoActual - SaldoLineaCredito) as Deuda
from cliente where IdCliente = ParmIdCliente;

/*
call SP_MuestraLineaCredito (3);
*/


COMMIT;

END ;;
DELIMITER ;
/*!50003 SET sql_mode              = @saved_sql_mode */ ;
/*!50003 SET character_set_client  = @saved_cs_client */ ;
/*!50003 SET character_set_results = @saved_cs_results */ ;
/*!50003 SET collation_connection  = @saved_col_connection */ ;
/*!50003 DROP PROCEDURE IF EXISTS `SP_Pedidos` */;
/*!50003 SET @saved_cs_client      = @@character_set_client */ ;
/*!50003 SET @saved_cs_results     = @@character_set_results */ ;
/*!50003 SET @saved_col_connection = @@collation_connection */ ;
/*!50003 SET character_set_client  = utf8 */ ;
/*!50003 SET character_set_results = utf8 */ ;
/*!50003 SET collation_connection  = utf8_general_ci */ ;
/*!50003 SET @saved_sql_mode       = @@sql_mode */ ;
/*!50003 SET sql_mode              = 'STRICT_TRANS_TABLES,NO_AUTO_CREATE_USER,NO_ENGINE_SUBSTITUTION' */ ;
DELIMITER ;;
CREATE DEFINER=`root`@`localhost` PROCEDURE `SP_Pedidos`(
ParmIdVenta              int(11),                                                  
ParmIdCliente            int(11),                                                  
ParmTotal                decimal(15,2),                                            
ParmNroCuotas            int(11),                                                  
ParmTipoRecojo           char(1),    -- 0: Recojo en almacen / 1: Entrega a Domicilio                                              
ParmNumOperaBancaria     char(15),                                                 
ParmCodTrxTarjeta        varchar(15),                                              
ParmCodUbigeoCosto       char(9),                                                  
ParmIdFomaPago           int(11), -- 
ParmDireccionEntrega	 varchar(150),  
ParmIdBanco				 int(11),
ParmNroCuenta			 varchar(16),  
ParmTipoDocumento        char(1), -- 0: Boleta / 1: Factura  
ParmRuc                  char(11),
ParmRazonSocial          varchar(200),
TipoMantenimiento 		 char(1)   -- Para Insertar = "I"
)
BEGIN
-- Declarando Variables
Declare NewVenta  int default 0;
declare NewOrdenConsignacion int default 0;
Declare CountUbigeoAux int default 0;
Declare VarEstadoVenta int default 5;
declare VarFechaVenta date default curdate();
Declare VarSubTotal double default 0.0;
Declare VarIGV double default 0.0;
declare VarMontoEntrega double default 0;
Declare VarTotal double default 0.0;
declare VarTotalVenta double default 0;
declare Varcounter int default 0;
Declare VarMontoxCuota double default 0.0;
declare VarAuxSumCuota double default 0.0;
declare VarFechaAux date default curdate();
/*
DECLARE exit handler for sqlexception
  BEGIN
    select '0' as Resultado;
  ROLLBACK;
END;

DECLARE exit handler for sqlwarning
 BEGIN
    select '2' as Resultado;
 ROLLBACK;
END;
*/

START TRANSACTION;

-- Quitando espacios a parametros de caracter
set ParmNumOperaBancaria = Ltrim(rtrim(ParmNumOperaBancaria));
set ParmCodUbigeoCosto = Ltrim(rtrim(ParmCodUbigeoCosto));
set ParmCodTrxTarjeta = ltrim(rtrim(ParmCodTrxTarjeta));

-- Valores de Tipo de envío

If TipoMantenimiento = 'I' then
	-- Creando Codigo de Venta
  
    
	Select  ifnull(MAx(IdVenta),0) into NewVenta from Venta;	
    Set NewVenta = NewVenta + 1;
    set VarEstadoVenta = 5; -- Estado Generado
	If ParmTipoRecojo = '0' then -- Recojo en Almacen
			set ParmCodUbigeoCosto = '000000';
SELECT 
    COUNT(1)
INTO CountUbigeoAux FROM
    costoubigeo
WHERE
    CodUbigeoCosto = '000000';
            If CountUbigeoAux = 0 then
				Insert into costoubigeo values ('000000','NO UBIGEO','NO UBIGEO','NO UBIGEO',0.0,'1');
				-- Delete from costoubigeo where CodUbigeoCosto = '000000';
            End If;
            -- Costo de  Ubigeo por Recojo en almacen
            set VarMontoEntrega = 0;
			Set ParmDireccionEntrega = 'Recojo en Almacen Principal de GinoBigioni';
            
	End if;			
    
    
	If ParmTipoRecojo = '1' then -- Envio a Domicilio
	-- Costo de  Ubigeo por envío a domicilio
		Select CostoEnvio into VarMontoEntrega from CostoUbigeo  where CodUbigeoCosto = ParmCodUbigeoCosto;
	End if;	
    
    set VarTotalVenta = ParmTotal - VarMontoEntrega;
    set VarIGV = round(0.18 * VarTotalVenta,2);
    set VarSubTotal = Round(VarTotalVenta - VarIGV,2);
    
    /*
    select * from EstadoVenta
    select * from fomapago
    */
    
    If ParmIdFomaPago = 1 then-- Contado/Efectivo
			set VarEstadoVenta = 3; -- Pagado
            set ParmIdBanco = NULL;
            set ParmNroCuenta = '';
            set ParmNroCuotas = 0;
    End If;
    
    If ParmIdFomaPago = 2 then-- Consignación
			set VarEstadoVenta = 1; -- Pendiente Pago
			set ParmIdBanco = NULL;
			set ParmNroCuenta = '';
    End If;
    
    If ParmIdFomaPago = 3 then-- Tarjeta
			 set VarEstadoVenta = 3; -- Pagado
			 set ParmIdBanco = NULL;    
			 set ParmNroCuenta = '';
             set ParmNroCuotas = 0;
    End If;    
    
    If ParmIdFomaPago = 4 then-- Transferencia Bancaria
    set VarEstadoVenta = 2; -- Por confirmar
    set ParmNroCuotas = 0;
    End If;  
    
            INSERT INTO `ginobigionibd`.`venta`
(`IdVenta`,`IdCliente`,`FechaVenta`,`SubTotal`,`IGV`,`Descuento`,`Total`,`MontoEntrega`,`TotalVenta`,`NroCuotas`,`TipoRecojo`,
`UsuarioModifico`,`FechaModifico`,`UsuarioAnulo`,`FechaAnulo`,`NumOperaBancaria`,`FechaOperaBancaria`,`CodTrxTarjeta`,
`FechTrxTarjeta`,`Estado`,`CodUbigeoCosto`,`IdFomaPago`,`IdCuponDescuento`,`DireccionEntrega`,`IdEstadoVenta`,`IdBancos`,`NroCuenta`)
VALUES
(NewVenta,ParmIdCliente,VarFechaVenta,VarSubTotal,VarIGV,0.0,VarTotalVenta,VarMontoEntrega,ParmTotal,ParmNroCuotas,parmTipoRecojo,
'',null,'',null,'',null,null,
null,VarEstadoVenta,ParmCodUbigeoCosto,ParmIdFomaPago,null,ParmDireccionEntrega,VarEstadoVenta,ParmIdBanco,ParmNroCuenta
);    
    
    
If  ParmIdFomaPago = 2 then

	-- Generando Orden de Consignacion
		select ifnull(max(IdOrdenConsignacion),0) into NewOrdenConsignacion from ordenconsignacion;
        set NewOrdenConsignacion = NewOrdenConsignacion + 1 ;
        
	-- Generando Cronograma de Pago
    If ParmNroCuotas <= 0 then
		set ParmNroCuotas = 1;
    End If;
    
    set VarMontoxCuota = ParmTotal / ParmNroCuotas;
        
    If ParmNroCuotas = 1 then 
			set VarFechaAux = date_add(curdate(), interval 7 day);
			
            INSERT INTO `ginobigionibd`.`ordenconsignacion`
			(`IdOrdenConsignacion`,`FechaProgramada`,`IdVenta`,`NroCuota`,`MontoCuota`,`Mora`,`Estado`)
			VALUES
			(NewOrdenConsignacion,VarFechaAux,NewVenta,1,VarMontoxCuota,0.0,1);
    else
		my_loop: LOOP -- Inicio Bucle
			SET Varcounter=Varcounter+1;
            set VarFechaAux = date_add(VarFechaAux, interval 7 day);
            
			If ParmNroCuotas = Varcounter then -- La Ultima Cuota debe contener la diferencia a pagar
				set VarMontoxCuota = ParmTotal - VarAuxSumCuota;
			End if;
            
            INSERT INTO `ginobigionibd`.`ordenconsignacion`
			(`IdOrdenConsignacion`,`FechaProgramada`,`IdVenta`,`NroCuota`,`MontoCuota`,`Mora`,`Estado`)
			VALUES
			(NewOrdenConsignacion,VarFechaAux,NewVenta,Varcounter,VarMontoxCuota,0.0,1);  
            
			set VarAuxSumCuota = VarAuxSumCuota  + VarMontoxCuota ;   
			    
			If Varcounter = ParmNroCuotas then
					 LEAVE my_loop;
			End IF;
		
		END LOOP my_loop;-- Fin Bucle
        
		UPDATE cliente 
		SET     SaldoLineaCredito = SaldoLineaCredito - ParmTotal
		WHERE     idCliente = ParmIdCliente ;
		
              
    End If; 
End If;   

CALL `ginobigionibd`.`SP_GenerarDocumento`(NewVenta,ParmTipoDocumento,ParmIdFomaPago,ParmRuc,ParmRazonSocial);
select NewVenta as Resultado;  
   
End If;

/*

Compra  Consignacion/ Envio a domicilio  / Actualiza Linea de Credito

CALL `ginobigionibd`.`SP_Pedidos`(0, 1, 320.00, 3, 1, '', '',  '150108', 2,'Jr. Margarinas 452 Alt. Upc VIlla', 1,'450-326516',1,'20451678245','Empresa El Buen Zapatero SAC','I');


Compra x Transferencia Bancaria

CALL `ginobigionibd`.`SP_Pedidos`(0, 2, 150.00, 3, 1, '', '',  '150108', 4,'Jr. alturias 479 Alt. Upc VIlla',5,'970-451238946',0,'','', 'I');

Compra x Transferencia Bancaria

CALL `ginobigionibd`.`SP_Pedidos`(0, 4, 210.00, 3, 1, '', '',  '150108', 3,'Jr. alturias 479 Alt. Upc VIlla',5,'970-451238946',1,'20758963547','Comerciantes Unidos S.A.', 'I');


Pago en Efectivo - Recojo en Almacen
CALL `ginobigionibd`.`SP_Pedidos`(0,2,555.55,0,0,'','','010101',1,'Su Casa',0,'','I');

*/


COMMIT;

END ;;
DELIMITER ;
/*!50003 SET sql_mode              = @saved_sql_mode */ ;
/*!50003 SET character_set_client  = @saved_cs_client */ ;
/*!50003 SET character_set_results = @saved_cs_results */ ;
/*!50003 SET collation_connection  = @saved_col_connection */ ;
/*!50003 DROP PROCEDURE IF EXISTS `SP_PedidosDetalle` */;
/*!50003 SET @saved_cs_client      = @@character_set_client */ ;
/*!50003 SET @saved_cs_results     = @@character_set_results */ ;
/*!50003 SET @saved_col_connection = @@collation_connection */ ;
/*!50003 SET character_set_client  = utf8 */ ;
/*!50003 SET character_set_results = utf8 */ ;
/*!50003 SET collation_connection  = utf8_general_ci */ ;
/*!50003 SET @saved_sql_mode       = @@sql_mode */ ;
/*!50003 SET sql_mode              = 'STRICT_TRANS_TABLES,NO_AUTO_CREATE_USER,NO_ENGINE_SUBSTITUTION' */ ;
DELIMITER ;;
CREATE DEFINER=`root`@`localhost` PROCEDURE `SP_PedidosDetalle`(                                                
ParmIdProducto          int(11),                                                  
ParmIdColorProducto 	int (11),
ParmNroTalla            int(11),                                                  
ParmCantidad            int(11),                                                  
ParmIdTipoUsuario		int(11)
)
BEGIN
-- Declarando Variables
Declare VarTotal double default 0.0;
declare VarSubTotal double default 0;
declare VarIdVenta int default 0 ;
declare VarPrecioUnitario double default 0.0;



DECLARE exit handler for sqlexception
  BEGIN
   select '1' as Resultado;
  ROLLBACK;
END;

DECLARE exit handler for sqlwarning
 BEGIN
    select '2' as Resultado;
 ROLLBACK;
END;
START TRANSACTION;


-- Recuperando la ultima Venta

select max(idventa) into VarIdVenta from venta;

-- Quitando espacios a parametros de caracter

If ParmIdTipoUsuario = 1 then
	select PrecioUnitario into VarPrecioUnitario from producto where IdProducto = ParmIdProducto;
else
	If ParmIdTipoUsuario = 2 then
    select PrecioVendedor into VarPrecioUnitario from producto where IdProducto = ParmIdProducto;
	End If;
End If;    


set VarTotal = ParmCantidad * VarPrecioUnitario;
set VarSubTotal = Round(VarTotal * 0.82,2);


-- Genernado el detalle de la venta
INSERT INTO `ginobigionibd`.`detalleventa`
(`IdVenta`,`IdProducto`,`IdColorProducto`,`NroTalla`,`Cantidad`,`PrecioUnitario`,`SubTotal`,`Total`)
VALUES
(VarIdVenta,ParmIdProducto,ParmIdColorProducto,ParmNroTalla,ParmCantidad,VarPrecioUnitario,VarSubTotal,VarTotal);

-- Quitando stock del almacen

Update productotallacolor
set StockVenta = StockVenta - ParmCantidad
where IdProducto = ParmIdProducto and IdColorProducto = ParmIdColorProducto and NroTalla = ParmNroTalla ;

select '1' as Resultado;

/*

CALL `ginobigionibd`.`SP_PedidosDetalle`(1, 1, 38, 2, 2);

*/

COMMIT;

END ;;
DELIMITER ;
/*!50003 SET sql_mode              = @saved_sql_mode */ ;
/*!50003 SET character_set_client  = @saved_cs_client */ ;
/*!50003 SET character_set_results = @saved_cs_results */ ;
/*!50003 SET collation_connection  = @saved_col_connection */ ;
/*!40103 SET TIME_ZONE=@OLD_TIME_ZONE */;

/*!40101 SET SQL_MODE=@OLD_SQL_MODE */;
/*!40014 SET FOREIGN_KEY_CHECKS=@OLD_FOREIGN_KEY_CHECKS */;
/*!40014 SET UNIQUE_CHECKS=@OLD_UNIQUE_CHECKS */;
/*!40101 SET CHARACTER_SET_CLIENT=@OLD_CHARACTER_SET_CLIENT */;
/*!40101 SET CHARACTER_SET_RESULTS=@OLD_CHARACTER_SET_RESULTS */;
/*!40101 SET COLLATION_CONNECTION=@OLD_COLLATION_CONNECTION */;
/*!40111 SET SQL_NOTES=@OLD_SQL_NOTES */;

-- Dump completed on 2018-02-12  0:09:25
